Date,BITI,BSV,MSTR,TBT
2008-05-01,7.77,77.63,76.25,71.5
2008-05-02,7.7,77.73,72.54,71.2
2008-05-05,7.57,77.94,75.62,70.09
2008-05-06,7.8,77.71,77.97,72.1
2008-05-07,7.68,77.96,77.97,70.65
2008-05-08,7.61,78.19,76.96,68.66
2008-05-09,7.79,78.13,77.91,69.18
2008-05-12,7.64,77.95,78.28,70.11
2008-05-13,7.19,77.83,76.93,69.94
2008-05-14,7.37,77.84,76.82,71.24
2008-05-15,7.53,77.9,78.87,70.34
2008-05-16,7.49,78.0,78.44,69.93
2008-05-19,7.36,78.12,76.97,69.22
2008-05-20,7.23,78.0,79.43,69.65
2008-05-21,7.32,77.83,78.4,70.11
2008-05-22,7.23,77.77,79.2,70.35
2008-05-23,7.23,77.81,79.17,71.15
2008-05-27,6.87,77.59,80.68,72.3
2008-05-28,6.83,77.38,79.45,73.17
2008-05-29,7.25,77.55,81.1,72.98
2008-05-30,8.2,77.35,79.2,236.43
2008-06-02,7.32,77.3,77.88,73.22
2008-06-03,7.37,77.67,76.14,70.8
2008-06-04,7.23,77.45,76.18,72.48
2008-06-05,7.36,77.54,78.23,71.45
2008-06-06,6.93,77.4,77.44,71.78
2008-06-09,6.74,77.02,74.8,71.94
2008-06-10,6.66,77.07,74.91,72.35
2008-06-11,6.52,76.94,74.48,73.51
2008-06-12,6.77,76.68,75.03,74.23
2008-06-13,7.2,76.72,74.6,74.01
2008-06-16,7.15,76.88,74.91,73.95
2008-06-17,6.83,76.89,74.93,73.81
2008-06-18,6.71,76.86,74.66,73.41
2008-06-19,6.61,77.0,74.49,72.51
2008-06-20,6.5,76.96,73.66,72.46
2008-06-23,6.48,76.89,70.0,71.75
2008-06-24,6.32,77.03,68.94,71.4
2008-06-25,6.35,77.21,69.99,71.0
2008-06-26,6.48,77.3,69.54,69.75
2008-06-27,6.73,77.24,68.47,68.73
2008-06-30,7.31,77.45,64.3,67.73
2008-07-01,7.0,77.15,63.46,68.53
2008-07-02,7.03,77.04,62.46,69.5
2008-07-03,7.16,77.22,63.45,68.84
2008-07-07,7.14,77.35,63.86,68.13
2008-07-08,7.01,77.35,65.16,67.47
2008-07-09,6.92,77.5,64.29,66.73
2008-07-10,7.14,77.55,64.14,66.62
2008-07-11,7.02,77.4,65.78,68.27
2008-07-14,6.95,77.44,63.3,67.2
2008-07-15,7.47,77.22,63.78,68.8
2008-07-16,7.11,77.25,65.82,69.85
2008-07-17,6.76,77.01,64.36,70.9
2008-07-18,7.27,76.9,63.08,71.04
2008-07-21,7.0,76.94,62.52,70.8
2008-07-22,7.07,76.63,61.85,71.34
2008-07-23,6.8,77.04,64.95,71.18
2008-07-24,7.12,77.18,62.59,71.0
2008-07-25,7.2,77.18,61.48,70.39
2008-07-28,6.96,77.26,59.56,70.84
2008-07-29,7.0,77.13,60.75,71.53
2008-07-30,7.9,77.4,59.0,69.22
2008-07-31,7.7,77.43,60.66,69.57
2008-08-01,7.65,77.15,60.0,69.51
2008-08-04,7.3,77.17,53.6,69.2
2008-08-05,7.42,77.12,57.17,70.77
2008-08-06,7.6,77.26,61.02,70.3
2008-08-07,7.34,77.35,61.49,68.11
2008-08-08,7.57,76.95,62.37,68.67
2008-08-11,7.27,77.31,64.99,68.41
2008-08-12,7.24,77.39,65.63,67.83
2008-08-13,7.43,77.42,64.48,67.74
2008-08-14,7.31,77.49,65.23,67.1
2008-08-15,7.46,77.51,65.93,66.55
2008-08-18,7.1,77.58,64.51,65.8
2008-08-19,7.2,77.4,64.69,65.96
2008-08-20,7.22,77.61,63.94,65.97
2008-08-21,7.45,77.48,64.77,66.57
2008-08-22,7.52,77.57,66.3,64.98
2008-08-25,7.64,77.54,64.78,65.25
2008-08-26,7.59,77.48,64.06,65.73
2008-08-27,7.66,77.64,65.14,65.33
2008-08-28,7.89,77.52,64.76,65.17
2008-08-29,7.9,77.29,65.04,66.22
2008-09-02,7.9,77.47,63.93,64.17
2008-09-03,7.9,77.84,64.11,63.35
2008-09-04,7.95,77.79,63.51,62.08
2008-09-05,7.84,77.64,65.47,63.68
2008-09-08,7.8,77.62,65.4,62.43
2008-09-09,7.64,77.79,64.61,62.05
2008-09-10,7.88,77.96,63.92,61.12
2008-09-11,7.71,77.84,64.62,61.58
2008-09-12,7.7,78.34,63.74,61.25
2008-09-15,7.89,78.2,61.76,55.97
2008-09-16,7.7,77.59,59.77,57.95
2008-09-17,7.21,77.3,58.23,59.46
2008-09-18,7.3,77.5,60.26,63.56
2008-09-19,7.74,76.71,57.75,64.89
2008-09-22,7.75,77.48,59.48,64.59
2008-09-23,7.52,77.49,59.69,64.25
2008-09-24,7.73,78.63,59.04,63.5
2008-09-25,7.34,78.68,58.12,64.0
2008-09-26,7.57,78.17,61.45,62.8
2008-09-29,7.34,77.64,60.03,59.83
2008-09-30,7.65,78.1,58.9,60.7
2008-10-01,7.41,76.34,56.27,60.93
2008-10-02,7.06,76.95,54.68,59.54
2008-10-03,6.38,77.52,52.13,58.15
2008-10-06,6.3,77.33,49.59,58.67
2008-10-07,5.59,77.77,46.27,56.07
2008-10-08,5.72,76.0,46.23,59.68
2008-10-09,5.0,76.5,40.83,60.63
2008-10-10,5.64,74.0,41.27,61.14
2008-10-13,5.92,71.52,46.79,64.19
2008-10-14,5.22,73.48,43.99,63.5
2008-10-15,5.89,75.5,40.37,62.16
2008-10-16,5.46,75.49,39.47,62.65
2008-10-17,5.8,74.02,41.73,64.57
2008-10-20,5.83,75.39,41.88,61.59
2008-10-21,6.02,75.98,40.86,59.6
2008-10-22,5.68,76.29,40.03,58.25
2008-10-23,5.1,76.2,39.26,56.24
2008-10-24,5.0,75.01,39.83,58.69
2008-10-27,5.0,75.08,39.22,60.79
2008-10-28,4.4,75.88,40.73,60.9
2008-10-29,4.37,76.0,43.18,63.0
2008-10-30,4.1,75.43,42.0,62.1
2008-10-31,4.12,75.84,39.08,64.67
2008-11-03,4.04,75.7,39.68,64.51
2008-11-04,3.92,75.48,39.01,61.11
2008-11-05,2.94,76.0,37.76,61.5
2008-11-06,2.65,75.94,37.66,62.28
2008-11-07,2.73,75.93,38.4,63.2
2008-11-10,2.64,76.98,36.95,60.5
2008-11-11,2.6,77.0,36.31,60.07
2008-11-12,2.42,77.46,35.07,61.33
2008-11-13,2.7,77.45,36.36,61.0
2008-11-14,2.67,76.76,35.23,60.5
2008-11-17,2.55,77.1,35.75,59.7
2008-11-18,2.87,77.0,34.77,58.06
2008-11-19,2.53,77.59,32.58,52.35
2008-11-20,2.34,78.0,32.52,50.8
2008-11-21,2.38,77.98,33.96,52.49
2008-11-24,2.42,77.94,35.87,50.54
2008-11-25,2.22,78.5,33.85,49.85
2008-11-26,2.42,78.29,35.63,49.25
2008-11-28,2.65,78.45,34.84,47.33
2008-12-01,2.69,78.55,32.93,45.81
2008-12-02,2.56,78.58,32.6,44.83
2008-12-03,2.66,78.73,34.0,43.63
2008-12-04,2.58,78.63,32.67,43.28
2008-12-05,2.48,78.41,35.26,43.81
2008-12-08,2.5,78.61,34.85,43.7
2008-12-09,2.58,78.42,34.99,43.57
2008-12-10,2.51,78.84,33.58,42.6
2008-12-11,2.37,78.7,32.51,42.66
2008-12-12,2.31,78.74,33.44,42.76
2008-12-15,2.58,78.8,33.75,41.07
2008-12-16,2.5,79.35,34.9,36.84
2008-12-17,2.43,79.47,35.62,36.6
2008-12-18,2.36,79.46,36.31,36.61
2008-12-19,2.49,79.41,35.9,36.23
2008-12-22,2.49,79.48,34.43,37.23
2008-12-23,2.48,79.24,34.69,36.76
2008-12-24,2.49,79.89,34.94,36.57
2008-12-26,2.9,79.45,35.01,36.39
2008-12-29,3.1,79.4,35.23,37.07
2008-12-30,3.45,80.22,36.36,35.99
2008-12-31,3.59,80.24,37.2,37.26
2009-01-02,3.13,79.94,37.33,40.0
2009-01-05,3.05,79.8,37.64,42.61
2009-01-06,3.05,80.08,37.51,42.21
2009-01-07,3.12,80.22,38.24,41.82
2009-01-08,3.28,79.69,38.76,42.55
2009-01-09,3.05,79.7,37.57,42.2
2009-01-12,2.99,80.21,37.52,40.5
2009-01-13,3.03,80.2,36.99,39.95
2009-01-14,3.22,80.61,36.92,38.85
2009-01-15,3.66,80.43,39.07,40.63
2009-01-16,3.71,80.27,37.19,41.43
2009-01-20,3.04,80.27,36.81,41.53
2009-01-21,3.17,79.57,38.35,42.57
2009-01-22,3.05,79.7,36.75,44.62
2009-01-23,3.11,79.66,37.67,45.02
2009-01-26,3.04,78.92,38.29,44.9
2009-01-27,3.16,80.14,39.39,43.4
2009-01-28,3.0,79.9,39.46,45.98
2009-01-29,2.99,79.74,40.3,47.0
2009-01-30,3.27,79.54,40.9,47.01
2009-02-02,3.3,79.49,40.09,46.72
2009-02-03,3.52,79.45,40.07,48.39
2009-02-04,3.19,79.2,39.22,48.1
2009-02-05,3.2,79.45,40.44,48.46
2009-02-06,3.06,79.48,41.65,49.19
2009-02-09,3.28,79.05,41.71,47.14
2009-02-10,3.44,79.08,40.33,45.3
2009-02-11,3.6,79.58,39.54,45.39
2009-02-12,3.29,79.62,40.19,47.08
2009-02-13,3.71,79.23,39.66,45.97
2009-02-17,3.58,78.96,39.13,44.99
2009-02-18,3.48,78.92,40.72,47.57
2009-02-19,3.43,78.88,38.9,45.92
2009-02-20,3.3,79.18,39.61,46.82
2009-02-23,3.39,78.65,38.51,44.96
2009-02-24,3.28,78.57,38.65,45.1
2009-02-25,3.09,78.63,37.59,47.3
2009-02-26,3.04,78.7,36.04,47.2
2009-02-27,3.17,78.56,35.95,47.34
2009-03-02,3.1,78.65,35.4,47.48
2009-03-03,3.11,78.37,34.59,48.22
2009-03-04,3.03,78.28,33.98,45.8
2009-03-05,2.91,78.86,33.8,45.5
2009-03-06,2.89,78.16,33.39,45.16
2009-03-09,2.93,77.95,33.24,46.76
2009-03-10,3.09,78.19,34.48,47.87
2009-03-11,3.07,78.05,34.11,46.71
2009-03-12,3.15,78.3,33.17,46.61
2009-03-13,3.25,78.09,33.58,48.17
2009-03-16,3.49,78.09,32.9,47.49
2009-03-17,3.6,78.02,33.28,48.21
2009-03-18,3.5,79.21,34.54,43.64
2009-03-19,3.51,78.67,33.89,44.79
2009-03-20,3.5,78.5,35.22,45.22
2009-03-23,3.45,78.55,35.99,46.48
2009-03-24,3.46,78.52,36.35,45.57
2009-03-25,3.56,78.32,37.13,46.35
2009-03-26,3.64,78.43,35.7,44.77
2009-03-27,3.56,78.53,33.97,43.83
2009-03-30,3.48,78.7,33.93,44.04
2009-03-31,3.5,78.63,33.9,43.0
2009-04-01,3.86,78.54,36.68,43.19
2009-04-02,3.73,78.48,37.38,43.86
2009-04-03,3.81,78.34,37.62,45.05
2009-04-06,3.75,78.34,37.59,45.73
2009-04-07,3.65,78.48,36.63,45.38
2009-04-08,3.64,78.54,38.05,45.79
2009-04-09,4.03,78.61,38.44,45.24
2009-04-13,3.9,78.73,38.57,45.07
2009-04-14,3.91,78.84,38.68,44.35
2009-04-15,4.05,78.75,39.32,45.24
2009-04-16,4.1,78.6,39.83,45.69
2009-04-17,4.14,78.54,39.29,45.62
2009-04-20,4.09,78.86,38.83,44.25
2009-04-21,3.85,78.8,38.83,45.6
2009-04-22,3.64,78.58,39.19,46.52
2009-04-23,3.73,78.84,39.53,47.08
2009-04-24,3.39,78.98,38.87,46.85
2009-04-27,3.54,79.1,38.26,46.21
2009-04-28,3.49,79.0,39.41,48.03
2009-04-29,3.75,78.93,39.83,49.57
2009-04-30,4.0,78.76,38.94,50.17
2009-05-01,4.01,78.82,39.28,50.01
2009-05-04,3.85,78.92,40.97,49.75
2009-05-05,4.0,78.86,41.89,50.1
2009-05-06,3.71,78.96,41.26,51.3
2009-05-07,3.53,79.0,41.65,52.46
2009-05-08,3.55,79.05,43.05,51.19
2009-05-11,3.28,79.02,44.24,50.91
2009-05-12,3.37,79.1,43.54,49.6
2009-05-13,3.49,79.21,45.04,49.41
2009-05-14,3.51,79.02,44.48,49.13
2009-05-15,3.35,79.2,46.09,49.09
2009-05-18,3.4,79.13,45.87,50.96
2009-05-19,3.57,79.16,46.43,51.0
2009-05-20,3.55,79.25,46.45,49.35
2009-05-21,4.08,79.15,45.14,53.27
2009-05-22,4.01,79.11,45.0,52.98
2009-05-26,3.8,79.0,46.08,55.0
2009-05-27,3.68,78.98,46.81,55.5
2009-05-28,3.74,79.0,47.0,55.58
2009-05-29,3.8,78.96,47.0,54.39
2009-06-01,3.79,78.94,47.2,55.0
2009-06-02,3.9,78.95,47.25,54.53
2009-06-03,3.99,79.1,47.97,55.06
2009-06-04,4.0,78.58,49.1,57.0
2009-06-05,3.99,78.32,48.56,56.36
2009-06-08,3.99,78.23,49.22,56.58
2009-06-09,3.95,78.26,49.47,58.06
2009-06-10,3.86,78.32,49.48,59.56
2009-06-11,3.93,78.25,49.01,57.13
2009-06-12,3.9,78.75,48.29,55.84
2009-06-15,3.93,78.74,48.06,55.37
2009-06-16,3.82,78.88,46.91,53.43
2009-06-17,3.84,78.69,46.88,54.92
2009-06-18,3.7,78.7,50.76,55.98
2009-06-19,3.64,78.71,51.56,53.49
2009-06-22,3.55,78.81,50.29,53.0
2009-06-23,3.45,78.87,49.46,52.04
2009-06-24,3.3,78.97,49.37,52.47
2009-06-25,3.39,79.05,49.58,50.99
2009-06-26,3.7,79.17,50.82,50.32
2009-06-29,3.44,79.04,50.11,51.25
2009-06-30,3.57,78.82,50.71,51.74
2009-07-01,3.44,79.13,50.29,50.86
2009-07-02,3.47,79.21,48.46,51.05
2009-07-06,3.67,79.23,52.03,51.38
2009-07-07,3.64,79.23,51.3,49.9
2009-07-08,3.62,79.32,51.8,49.49
2009-07-09,3.65,79.46,50.92,49.11
2009-07-10,16.25,79.94,181.54,50.98
2015-06-11,19.35,79.95,179.75,50.09
2015-06-12,19.0,80.04,177.35,48.99
2015-06-15,18.02,80.02,173.58,49.24
2015-06-16,17.32,80.03,176.46,49.31
2015-06-17,17.88,80.13,176.81,50.28
2015-06-18,22.19,80.17,178.51,49.26
2015-06-19,22.12,80.14,178.65,49.75
2015-06-22,22.3,80.03,177.95,51.55
2015-06-23,21.68,80.06,177.96,50.87
2015-06-24,22.0,80.03,174.6,50.8
2015-06-25,21.84,79.98,174.37,51.52
2015-06-26,21.68,80.07,172.11,50.35
2015-06-29,21.34,80.18,169.02,49.94
2015-06-30,21.0,79.98,171.21,51.0
2015-07-01,19.01,80.09,169.56,50.6
2015-07-02,19.0,80.2,170.87,49.06
2015-07-06,19.89,80.3,171.96,47.77
2015-07-07,19.07,80.27,172.02,47.45
2015-07-08,18.63,80.26,174.14,48.36
2015-07-09,18.2,80.13,176.54,50.61
2015-07-10,20.01,80.01,176.4,51.11
2015-07-13,19.9,80.07,176.8,50.6
2015-07-14,19.63,80.05,180.36,50.5
2015-07-15,19.22,80.08,184.28,49.85
2015-07-16,18.95,80.1,186.6,48.62
2015-07-17,19.4,80.02,186.78,48.63
2015-07-20,19.17,80.02,183.59,49.12
2015-07-21,19.8,80.08,179.88,48.09
2015-07-22,19.73,80.02,184.59,47.6
2015-07-23,19.17,80.08,179.61,46.09
2015-07-24,18.27,80.18,180.67,45.6
2015-07-27,18.81,80.19,205.0,46.33
2015-07-28,19.0,80.13,202.88,46.4
2015-07-29,18.11,80.09,205.28,46.35
2015-07-30,18.12,80.23,205.82,45.36
2015-07-31,18.09,80.14,204.38,45.18
2015-08-03,18.2,80.19,208.26,44.61
2015-08-04,18.17,80.0,216.74,45.58
2015-08-05,17.75,79.99,217.25,45.4
2015-08-06,17.62,80.04,212.04,44.46
2015-08-07,17.09,80.01,216.21,44.31
2015-08-10,17.05,80.15,217.32,43.7
2015-08-11,17.22,80.21,214.5,43.2
2015-08-12,17.61,80.08,216.71,44.0
2015-08-13,18.01,80.01,217.87,44.2
2015-08-14,19.53,80.08,217.61,43.4
2015-08-17,19.79,80.02,221.22,44.0
2015-08-18,19.1,80.03,216.73,44.46
2015-08-19,18.96,80.2,216.72,42.84
2015-08-20,18.45,80.21,205.56,42.27
2015-08-21,16.74,80.34,195.02,40.62
2015-08-24,16.66,80.26,202.91,43.27
2015-08-25,17.16,80.2,200.8,44.34
2015-08-26,17.24,80.19,203.82,45.21
2015-08-27,16.9,80.27,199.57,44.27
2015-08-28,17.14,80.18,200.99,44.1
2015-08-31,16.69,80.04,194.0,45.13
2015-09-01,17.2,80.06,198.66,45.32
2015-09-02,16.93,80.18,196.87,45.34
2015-09-03,16.56,80.15,195.47,44.58
2015-09-04,17.03,80.15,197.49,45.32
2015-09-08,16.75,80.06,202.2,46.6
2015-09-09,16.84,80.07,198.0,45.55
2015-09-10,16.63,80.15,199.0,45.23
2015-09-11,16.72,80.19,201.06,44.82
2015-09-14,16.4,80.15,201.54,45.64
2015-09-15,16.27,80.0,207.8,47.01
2015-09-16,16.43,80.01,209.14,47.16
2015-09-17,16.61,80.22,206.4,45.21
2015-09-18,16.64,80.28,208.01,45.36
2015-09-21,16.0,80.29,206.91,45.03
2015-09-22,16.08,80.3,207.88,44.84
2015-09-23,15.56,80.31,206.99,43.67
2015-09-24,15.21,80.22,207.31,44.8
2015-09-25,14.75,80.26,204.01,44.35
2015-09-28,14.38,80.35,195.71,43.42
2015-09-29,13.97,80.36,197.6,43.5
2015-09-30,13.74,80.35,196.18,42.85
2015-10-01,13.0,80.51,197.57,41.79
2015-10-02,13.79,80.48,199.85,43.05
2015-10-05,13.61,80.49,200.31,43.83
2015-10-06,13.68,80.39,198.87,43.66
2015-10-07,13.81,80.36,199.58,43.29
2015-10-08,13.64,80.33,199.84,44.23
2015-10-09,13.94,80.35,205.43,43.49
2015-10-12,14.06,80.41,204.87,43.1
2015-10-13,14.19,80.55,198.94,42.96
2015-10-14,14.3,80.55,197.25,42.52
2015-10-15,14.94,80.46,200.4,42.57
2015-10-16,15.23,80.49,203.02,42.92
2015-10-19,15.49,80.41,202.73,43.58
2015-10-20,15.1,80.43,197.3,43.07
2015-10-21,14.7,80.47,190.72,42.68
2015-10-22,14.56,80.46,197.7,43.35
2015-10-23,14.47,80.42,187.65,42.88
2015-10-26,14.54,80.5,178.0,42.35
2015-10-27,14.14,80.47,168.25,42.53
2015-10-28,13.72,80.26,177.72,43.28
2015-10-29,13.29,80.17,174.44,44.0
2015-10-30,13.73,80.11,172.81,44.07
2015-11-02,13.32,80.06,176.04,44.12
2015-11-03,13.74,80.04,177.95,44.56
2015-11-04,13.03,79.95,180.56,44.67
2015-11-05,12.8,79.77,176.8,45.73
2015-11-06,12.66,79.74,177.86,46.77
2015-11-09,13.0,79.79,173.98,46.46
2015-11-10,12.75,80.19,174.45,46.55
2015-11-11,13.29,79.92,173.85,46.25
2015-11-12,13.33,79.92,171.93,45.87
2015-11-13,13.2,79.98,168.88,45.42
2015-11-16,13.21,79.88,171.81,46.06
2015-11-17,13.27,79.91,172.12,45.57
2015-11-18,13.42,79.95,174.34,44.6
2015-11-19,13.63,79.96,174.14,44.61
2015-11-20,13.7,79.88,173.48,44.88
2015-11-23,13.93,79.96,173.16,44.63
2015-11-24,14.01,79.94,173.5,44.4
2015-11-25,14.25,79.97,176.04,44.33
2015-11-27,14.3,79.95,173.8,44.45
2015-11-30,14.09,79.85,174.88,44.16
2015-12-01,14.18,79.91,176.96,43.17
2015-12-02,14.68,79.8,176.4,44.04
2015-12-03,14.25,79.8,173.79,45.24
2015-12-04,14.56,79.82,176.0,44.3
2015-12-07,16.1,79.89,171.91,43.18
2015-12-08,14.35,79.85,174.52,43.85
2015-12-09,14.09,79.85,173.09,43.57
2015-12-10,14.07,79.93,171.37,42.6
2015-12-11,13.9,79.87,173.92,42.55
2015-12-14,13.75,79.7,176.53,44.01
2015-12-15,14.25,79.72,179.7,44.0
2015-12-16,13.89,79.63,177.22,43.45
2015-12-17,13.99,79.69,172.52,42.5
2015-12-18,13.95,79.71,177.34,42.29
2015-12-21,14.22,79.73,177.99,42.85
2015-12-22,13.96,79.48,177.96,43.83
2015-12-23,14.11,79.58,176.94,43.48
2015-12-24,14.0,79.53,176.61,43.1
2015-12-28,14.09,79.57,177.31,43.31
2015-12-29,14.15,79.51,180.24,44.6
2015-12-30,14.24,79.57,178.49,44.1
2015-12-31,14.09,79.58,176.17,43.15
2016-01-04,14.15,79.61,171.13,43.89
2016-01-05,13.95,79.69,169.97,42.77
2016-01-06,13.85,79.75,166.42,42.56
2016-01-07,14.65,79.76,160.57,42.75
2016-01-08,14.13,79.81,149.82,42.96
2016-01-11,13.86,79.84,153.78,42.76
2016-01-12,14.2,79.89,155.96,41.9
2016-01-13,13.81,79.83,150.72,41.28
2016-01-14,13.54,80.06,148.01,40.6
2016-01-15,24.41,79.97,151.21,40.76
2016-01-19,24.2,80.07,144.32,39.62
2016-01-20,24.75,80.13,150.12,39.62
2016-01-21,24.55,79.96,153.25,40.95
2016-01-22,24.58,79.99,149.21,40.23
2016-01-25,24.66,80.02,146.89,40.22
2016-01-26,24.72,79.99,146.8,40.35
2016-01-27,24.78,80.05,160.83,40.49
2016-01-28,24.7,80.16,168.32,39.32
2016-01-29,25.0,80.07,171.08,39.56
2016-02-01,25.04,80.14,171.96,38.7
2016-02-02,25.21,80.23,174.13,38.58
2016-02-03,25.98,80.29,171.02,38.63
2016-02-04,25.39,80.25,165.87,38.84
2016-02-05,25.26,80.31,154.53,37.73
2016-02-08,23.98,80.48,152.54,36.35
2016-02-09,24.83,80.38,153.32,36.54
2016-02-10,24.46,80.52,147.21,35.01
2016-02-11,25.18,80.46,150.45,36.01
2016-02-12,24.8,80.27,153.71,37.08
2016-02-16,24.55,80.24,153.45,37.69
2016-02-17,24.84,80.2,156.49,37.79
2016-02-18,24.64,80.32,148.0,36.91
2016-02-19,24.72,80.31,155.32,36.86
2016-02-22,24.88,80.28,154.09,37.5
2016-02-23,24.48,80.43,151.41,36.07
2016-02-24,24.67,80.43,156.71,36.58
2016-02-25,24.9,80.4,159.57,37.25
2016-02-26,24.86,80.33,158.35,37.14
2016-02-29,24.76,80.29,163.21,36.84
2016-03-01,24.79,80.08,171.51,38.25
2016-03-02,24.94,80.08,168.2,37.83
2016-03-03,25.13,80.05,170.78,37.97
2016-03-04,25.34,80.06,167.98,38.14
2016-03-07,25.5,80.11,167.06,37.06
2016-03-08,25.82,80.06,168.19,37.73
2016-03-09,25.45,80.02,168.96,37.5
2016-03-10,25.81,80.02,168.34,37.9
2016-03-11,25.76,80.0,169.59,38.49
2016-03-14,25.51,80.08,168.04,38.11
2016-03-15,25.37,79.98,166.22,38.53
2016-03-16,25.75,80.32,167.19,38.07
2016-03-17,25.71,80.4,169.92,37.78
2016-03-18,25.87,80.3,174.84,38.21
2016-03-21,26.0,80.34,174.5,37.94
2016-03-22,25.8,80.21,175.8,38.16
2016-03-23,25.74,80.29,168.48,37.8
2016-03-24,25.78,80.22,174.18,37.51
2016-03-28,25.58,80.31,171.9,36.96
2016-03-29,25.71,80.47,179.33,37.14
2016-03-30,26.19,80.58,180.71,37.15
2016-03-31,26.18,80.51,178.44,36.46
2016-04-01,26.53,80.5,183.42,36.57
2016-04-04,26.49,80.62,183.07,35.86
2016-04-05,26.35,80.6,182.85,36.08
2016-04-06,26.2,80.65,180.89,35.72
2016-04-07,26.01,80.68,180.57,35.7
2016-04-08,26.3,80.63,182.12,36.15
2016-04-11,26.46,80.63,181.37,36.34
2016-04-12,26.48,80.58,183.55,36.58
2016-04-13,26.41,80.53,186.7,36.46
2016-04-14,26.74,80.58,187.14,36.25
2016-04-15,26.71,80.6,186.32,36.16
2016-04-18,26.55,80.6,188.69,36.3
2016-04-19,26.6,80.6,189.79,36.25
2016-04-20,26.5,80.44,188.86,37.82
2016-04-21,26.38,80.49,187.43,37.56
2016-04-22,26.37,80.46,191.9,38.0
2016-04-25,26.3,80.45,187.87,38.2
2016-04-26,26.39,80.45,190.76,38.11
2016-04-27,26.39,80.5,172.18,37.91
2016-04-28,26.37,80.58,182.51,37.77
2016-04-29,26.69,80.49,179.82,37.44
2016-05-02,26.7,80.62,181.97,37.03
2016-05-03,27.22,80.61,180.0,36.83
2016-05-04,26.86,80.66,180.4,36.65
2016-05-05,26.86,80.71,178.48,36.2
2016-05-06,26.72,80.66,182.44,36.39
2016-05-09,26.22,80.64,188.37,36.18
2016-05-10,26.18,80.72,189.79,36.21
2016-05-11,26.27,80.63,186.08,36.3
2016-05-12,26.43,80.6,184.3,35.89
2016-05-13,26.51,80.67,182.6,35.73
2016-05-16,26.4,80.56,182.14,35.95
2016-05-17,26.32,80.37,179.34,36.8
2016-05-19,26.74,80.35,179.6,36.38
2016-05-23,26.22,80.33,185.12,36.64
2016-05-24,26.55,80.31,190.16,36.65
2016-05-25,25.76,80.4,188.2,36.49
2016-05-27,25.55,80.29,191.1,37.1
2016-05-31,25.7,80.37,186.84,36.07
2016-06-01,25.7,80.27,185.41,35.97
2016-06-02,25.89,80.58,190.55,34.83
2016-06-03,26.2,80.55,189.75,34.87
2016-06-06,26.33,80.56,194.77,34.97
2016-06-07,26.77,80.62,193.5,34.8
2016-06-08,26.59,80.68,191.46,34.07
2016-06-09,26.52,80.71,190.68,33.79
2016-06-10,38.51,76.05,170.94,28.5
2022-06-21,40.75,76.39,177.25,27.16
2022-06-22,40.3801,76.5,177.0,26.6
2022-06-23,39.0126,76.46,195.0,26.8
2022-06-24,39.0696,76.45,202.51,27.87
2022-06-27,39.49,76.35,197.64,27.86
2022-06-28,41.2,76.39,180.3,27.34
2022-06-29,43.1,76.71,172.8,26.15
2022-06-30,42.8,76.94,166.9,25.53
2022-07-01,42.66,77.35,165.84,25.08
2022-07-05,40.67,77.18,185.76,24.88
2022-07-06,40.2996,76.88,190.7,25.89
2022-07-07,38.12,76.64,213.12,26.63
2022-07-08,39.61,76.71,210.35,26.47
2022-07-11,40.78,76.83,196.52,25.65
2022-07-12,42.68,76.54,185.76,26.45
2022-07-13,41.14,76.45,193.29,25.83
2022-07-14,38.43,76.55,208.5,25.55
2022-07-15,36.125,76.65,230.12,25.78
2022-07-18,36.05,76.62,236.66,25.9
2022-07-19,33.5,76.65,278.5,25.67
2022-07-20,35.16,76.57,279.04,25.82
2022-07-21,33.86,77.09,294.06,24.45
2022-07-22,36.36,77.04,270.0,25.05
2022-07-25,38.07,77.11,248.95,24.16
2022-07-26,37.32,77.04,247.28,24.51
2022-07-27,34.12,77.49,260.0,24.47
2022-07-28,33.28,77.42,270.0,24.77
2022-07-29,34.02,77.38,276.33,24.35
2022-08-01,34.5,77.41,280.89,23.54
2022-08-02,33.77,77.04,283.76,24.74
2022-08-03,34.24,77.16,319.89,24.0
2022-08-04,34.09,76.81,308.74,24.74
2022-08-05,32.51,76.84,335.65,24.5
2022-08-08,33.63,76.77,320.0,24.44
2022-08-09,32.24,77.0,347.0,24.44
2022-08-10,31.6248,76.96,355.0,24.81
2022-08-11,32.8,76.95,336.99,25.53
2022-08-12,32.35,77.0,346.46,25.0
2022-08-15,32.65,76.99,344.2,25.49
2022-08-16,33.04,76.75,335.0,25.56
2022-08-17,33.24,76.78,321.03,25.64
2022-08-18,36.18,76.66,299.42,26.36
2022-08-19,36.74,76.66,273.01,26.56
2022-08-22,36.19,76.54,271.9,26.9
2022-08-23,36.1912,76.53,265.7,27.21
2022-08-24,35.91,76.51,277.86,27.34
2022-08-25,35.6,76.51,275.0,26.82
2022-08-26,38.86,76.45,241.37,26.56
2022-08-29,38.0,76.34,250.04,26.69
2022-08-30,38.11,76.36,248.27,26.74
2022-08-31,38.82,76.01,220.02,27.87
2022-09-01,37.91,76.19,226.1,27.95
2022-09-02,39.0,76.16,218.53,28.39
2022-09-06,40.9901,76.13,203.99,28.69
2022-09-07,40.44,76.17,214.47,28.36
2022-09-08,36.32,76.16,249.41,28.63
2022-09-09,33.81,76.12,263.0,28.43
2022-09-12,35.32,75.76,241.85,29.61
2022-09-13,36.8114,75.66,230.1,29.14
2022-09-14,37.46,75.62,224.39,28.94
2022-09-15,37.98,75.56,211.52,29.31
2022-09-16,39.83,75.49,199.85,29.37
2022-09-19,39.69,75.45,200.0,30.05
2022-09-20,38.75,75.42,198.31,29.6
2022-09-21,39.19,75.22,196.89,30.05
2022-09-22,39.38,75.17,188.7,30.29
2022-09-23,39.09,74.85,191.82,30.35
2022-09-26,36.99,74.67,212.84,31.82
2022-09-27,39.05,74.81,207.6,31.48
2022-09-28,38.63,74.85,214.25,31.51
2022-09-29,38.74,74.95,208.51,30.74
2022-09-30,38.7836,74.94,213.9,30.77
2022-10-03,37.09,75.05,235.84,30.6
2022-10-04,37.24,74.99,240.94,31.5
2022-10-05,36.96,74.99,242.19,31.55
2022-10-06,37.84,74.62,234.0,32.74
2022-10-07,38.3306,74.63,219.62,32.97
2022-10-10,38.9399,74.57,221.21,33.45
2022-10-11,39.04,74.52,218.18,33.73
2022-10-12,40.74,74.26,201.48,34.27
2022-10-13,37.57,74.58,223.34,33.1
2022-10-14,37.81,74.47,220.0,33.71
2022-10-17,37.61,74.47,230.2,34.61
2022-10-18,38.68,74.29,228.08,35.21
2022-10-19,38.7292,74.17,228.23,36.09
2022-10-20,39.13,74.17,218.55,38.31
2022-10-21,38.28,74.25,233.0,38.53
2022-10-24,38.13,74.5,240.0,37.1
2022-10-25,36.08,74.58,270.32,36.13
2022-10-26,35.5058,74.74,275.74,35.21
2022-10-27,36.22,74.68,269.19,35.38
2022-10-28,35.63,74.59,278.9,35.73
2022-10-31,35.95,74.65,275.95,34.75
2022-11-01,36.12,74.41,258.89,35.03
2022-11-02,36.59,74.12,241.91,36.36
2022-11-03,35.19,74.25,261.12,36.44
2022-11-04,35.44,74.26,271.41,36.68
2022-11-07,37.48,74.25,248.0,37.41
2022-11-08,41.665,74.33,195.0,37.41
2022-11-09,42.295,74.8,189.0,35.17
2022-11-10,43.535,75.02,162.52,34.4
2022-11-11,42.5,75.08,171.31,34.23
2022-11-14,41.25,75.22,174.0,34.03
2022-11-15,42.46,75.32,163.53,32.88
2022-11-16,42.44,75.17,165.65,32.63
2022-11-17,41.42,75.14,177.0,32.43
2022-11-18,42.75,75.1,165.0,32.38
2022-11-21,43.02,75.12,160.0,32.4
2022-11-22,42.31,75.13,168.45,31.46
2022-11-23,41.52,75.31,172.85,31.15
2022-11-25,42.15,75.27,178.72,30.53
2022-11-28,41.53,75.2,180.15,31.48
2022-11-29,40.24,75.12,189.2,31.78
2022-11-30,39.5,75.46,197.19,30.68
2022-12-01,39.74,75.46,195.68,29.44
2022-12-02,39.021,75.59,208.5,29.09
2022-12-05,39.4182,75.45,194.6,28.7
2022-12-06,39.72,75.55,192.61,27.72
2022-12-07,39.7754,75.56,194.5,27.53
2022-12-08,39.115,75.56,201.01,27.94
2022-12-09,39.3,75.54,199.0,27.93
2022-12-12,37.13,75.84,206.45,27.29
2022-12-13,37.09,75.81,203.0,28.07
2022-12-14,38.04,75.81,197.5,27.59
2022-12-15,39.16,75.67,183.76,28.48
2022-12-16,39.97,75.77,172.31,28.89
2022-12-19,39.77,75.57,170.37,30.22
2022-12-20,39.52,75.73,169.01,29.72
2022-12-21,39.8284,75.61,168.3,29.96
2022-12-22,39.67,75.41,165.54,30.6
2022-12-23,39.59,75.37,160.0,31.88
2022-12-27,40.135,75.34,147.0,31.81
2022-12-28,40.04,75.35,138.9,32.29
2022-12-29,40.36,75.27,133.82,32.3
2022-12-30,39.3,75.41,145.58,30.81
2023-01-03,39.27,75.54,146.8,30.23
2023-01-04,39.175,75.31,160.54,31.02
2023-01-05,39.33,75.47,152.19,30.56
2023-01-06,38.14,75.81,170.0,29.56
2023-01-09,37.95,75.81,174.35,29.5
2023-01-10,37.7587,75.89,189.0,29.2
2023-01-11,36.04,76.02,203.61,28.76
2023-01-12,34.34,76.12,206.0,28.08
2023-01-13,30.265,76.03,232.0,28.81
2023-01-17,29.99,76.34,237.0,27.31
2023-01-18,30.97,76.3,216.77,27.53
2023-01-19,30.485,76.19,224.19,28.11
2023-01-20,28.07,76.13,240.95,28.86
2023-01-23,28.02,76.11,247.0,28.6
2023-01-24,28.4,76.18,240.4,27.91
2023-01-25,27.64,76.2,253.03,28.05
2023-01-26,27.9872,76.1,240.0,28.54
2023-01-27,27.705,76.05,252.35,28.41
2023-01-30,27.79,76.11,249.0,28.14
2023-01-31,27.8,76.12,251.0,27.69
2023-02-01,26.77,76.4,275.0,27.0
2023-02-02,27.51,76.07,280.0,28.1
2023-02-03,28.13,75.81,274.31,28.68
2023-02-06,28.0,75.71,279.75,28.89
2023-02-07,27.9185,75.73,282.43,29.05
2023-02-08,28.23,75.81,276.01,28.29
2023-02-09,29.47,75.63,246.0,29.46
2023-02-10,29.85,75.52,239.03,29.84
2023-02-13,29.83,75.49,251.02,29.58
2023-02-14,28.3,75.34,275.58,29.97
2023-02-15,26.1,75.34,296.0,30.85
2023-02-16,26.67,75.3,283.29,31.47
2023-02-17,25.885,75.27,286.24,31.48
2023-02-21,26.55,75.23,266.38,31.5
2023-02-22,26.48,75.23,270.95,31.19
2023-02-23,26.85,75.11,261.42,31.23
2023-02-24,26.825,75.12,263.59,31.38
2023-02-27,27.3,75.08,259.79,31.8
2023-02-28,26.94,74.93,263.88,31.49
2023-03-01,27.44,74.76,248.99,32.57
2023-03-02,28.56,74.94,240.2,31.42
2023-03-03,28.49,75.01,249.35,30.63
2023-03-06,28.69,74.94,236.0,31.1
2023-03-07,29.1097,74.75,230.4,30.53
2023-03-08,29.4466,74.76,230.35,31.09
2023-03-09,31.77,75.3,205.75,29.57
2023-03-10,27.77,75.97,202.02,27.22
2023-03-13,23.07,75.83,239.08,28.88
2023-03-14,23.93,76.21,227.0,27.91
2023-03-15,24.28,76.23,225.18,27.64
2023-03-16,22.405,76.11,255.53,28.05
2023-03-17,21.12,76.42,280.43,27.92
2023-03-20,21.18,76.0,268.99,28.89
2023-03-21,20.96,75.9,276.0,28.84
2023-03-22,21.65,76.45,249.01,28.31
2023-03-23,21.1708,76.9,259.14,27.53
2023-03-24,21.31,76.38,259.86,28.62
2023-03-27,22.02,76.24,236.77,29.05
2023-03-28,20.85,76.11,257.78,29.41
2023-03-29,20.6909,76.15,287.9,28.99
2023-03-30,20.881,76.24,283.46,28.4
2023-03-31,20.97,76.24,290.99,28.04
2023-04-03,20.93,76.47,299.58,28.11
2023-04-04,20.78,76.83,303.45,27.04
2023-04-05,21.25,76.82,286.51,26.78
2023-04-06,20.995,76.47,290.0,27.17
2023-04-10,19.58,76.47,321.91,27.45
2023-04-11,19.575,76.64,334.25,27.47
2023-04-12,19.48,76.68,330.42,27.47
2023-04-13,19.29,76.42,342.85,28.29
2023-04-14,20.2,76.32,321.73,28.93
2023-04-17,19.52,76.24,325.0,29.26
2023-04-18,20.23,76.2,319.88,29.17
2023-04-19,20.595,76.25,310.27,28.7
2023-04-20,20.99,76.4,297.34,28.46
2023-04-21,21.57,76.32,291.03,28.66
2023-04-24,21.56,76.64,282.36,27.95
2023-04-25,19.68,76.81,310.5,27.64
2023-04-26,20.4,76.57,306.51,28.49
2023-04-27,20.06,76.61,313.04,27.97
2023-04-28,20.5995,76.41,320.0,28.33
2023-05-01,20.975,76.28,310.14,28.98
2023-05-02,20.79,76.69,320.49,27.86
2023-05-03,20.34,76.83,311.15,28.25
2023-05-04,20.23,76.77,313.0,28.68
2023-05-05,20.965,76.62,311.15,29.22
2023-05-08,21.1,76.54,297.51,29.24
2023-05-09,20.735,76.58,313.24,29.13
2023-05-10,21.35,76.97,311.35,28.26
2023-05-11,22.12,76.84,284.9,28.41
2023-05-12,21.32,76.59,280.0,29.33
2023-05-15,21.55,76.57,277.5,29.9
2023-05-16,21.84,76.5,271.49,29.51
2023-05-17,21.45,76.3,289.0,30.05
2023-05-18,21.63,76.11,290.9,30.59
2023-05-19,21.77,76.16,287.78,30.64
2023-05-22,21.39,76.08,299.19,31.15
2023-05-23,21.87,76.17,282.13,30.62
2023-05-24,22.15,75.93,287.91,30.99
2023-05-25,22.07,75.73,279.8,31.4
2023-05-26,20.77,75.86,300.0,30.6
2023-05-30,21.43,76.06,294.01,30.25
2023-05-31,21.63,76.05,298.5,29.35
2023-06-01,21.45,76.07,305.27,29.57
2023-06-02,21.75,75.73,294.47,30.53
2023-06-05,22.74,75.9,270.0,30.23
2023-06-06,21.5048,75.85,298.82,30.06
2023-06-07,21.8469,75.8,289.69,30.83
2023-06-08,21.59,75.76,293.5,30.39
2023-06-09,22.33,75.73,279.75,30.05
2023-06-12,22.08,75.87,284.3,30.13
2023-06-13,22.23,75.72,284.11,30.45
2023-06-14,23.08,75.74,274.15,29.58
2023-06-15,22.6,75.63,284.99,29.97
2023-06-16,21.43,75.63,300.0,29.6
2023-06-20,19.62,75.63,324.0,29.45
2023-06-21,18.77,75.65,332.49,29.46
2023-06-22,18.8999,75.77,327.0,28.86
2023-06-23,18.73,75.78,324.0,29.03
2023-06-26,18.62,75.74,312.3,29.05
2023-06-27,18.9,75.68,319.91,29.2
2023-06-28,18.54,75.49,335.64,29.9
2023-06-29,18.35,75.53,349.97,29.96
2023-06-30,18.63,75.35,347.0,29.37
2023-07-03,18.88,75.3,369.89,29.91
2023-07-05,18.655,75.0,380.59,30.93
2023-07-06,18.91,75.1,373.59,31.59
2023-07-07,18.97,75.18,381.0,31.79
2023-07-10,18.84,75.31,401.0,31.4
2023-07-11,18.67,75.51,418.7,31.03
2023-07-12,18.735,75.81,418.0,30.29
2023-07-13,18.32,75.83,455.46,30.05
2023-07-14,18.8725,75.61,457.0,30.37
2023-07-17,19.19,75.8,449.48,30.05
2023-07-18,19.08,75.78,451.77,29.9
2023-07-19,18.89,75.64,455.21,29.82
2023-07-20,19.13,75.69,441.91,29.83
2023-07-21,19.5734,75.72,427.64,29.99
2023-07-24,19.65,75.5,430.94,30.67
2023-07-25,19.6,75.59,436.82,30.16
2023-07-26,19.45,75.58,451.0,30.81
2023-07-27,19.5804,75.53,434.0,31.57
2023-07-28,19.46,75.58,440.0,31.45
2023-07-31,19.85,75.37,430.0,31.8
2023-08-01,19.47,75.31,434.98,32.92
2023-08-02,19.66,75.33,400.0,34.23
2023-08-03,19.65,75.48,390.01,34.28
2023-08-04,19.77,75.58,371.03,33.58
2023-08-07,19.46,75.67,380.0,33.05
2023-08-08,19.12,75.67,395.97,33.03
2023-08-09,19.4,75.68,380.32,32.95
2023-08-10,19.52,75.45,378.01,34.14
2023-08-11,19.61,75.34,382.76,34.23
2023-08-14,19.56,75.3,389.04,34.6
2023-08-15,19.77,75.31,373.46,34.92
2023-08-16,20.205,75.22,361.6,35.5
2023-08-17,21.88,75.32,331.49,35.6
2023-08-18,22.05,75.2,330.29,36.13
2023-08-21,22.06,75.24,341.48,36.21
2023-08-22,22.2,75.26,330.0,34.95
2023-08-23,21.78,75.31,348.92,34.34
2023-08-24,21.86,75.29,339.68,34.6
2023-08-25,22.0,75.26,339.36,34.0
2023-08-28,22.06,75.29,342.23,34.53
2023-08-29,20.8,75.55,375.1,33.61
2023-08-30,20.9936,75.58,375.1,33.39
2023-08-31,21.88,75.58,357.54,33.75
2023-09-01,22.08,75.37,351.48,34.85
2023-09-05,22.1811,75.3,349.5,34.97
2023-09-06,22.24,75.23,346.5,35.05
2023-09-07,21.99,75.33,353.34,34.83
2023-09-08,22.2,75.23,355.0,35.38
2023-09-11,21.7355,75.27,355.0,35.19
2023-09-12,21.707,75.22,347.3,35.19
2023-09-13,21.24,75.38,350.0,35.25
2023-09-14,21.4897,75.28,346.4,35.58
2023-09-15,20.745,75.21,351.25,36.08
2023-09-18,20.87,75.2,344.11,35.95
2023-09-19,21.0,75.22,343.5,35.44
2023-09-20,21.41,75.0,325.8,37.07
2023-09-21,21.36,75.07,324.75,37.43
2023-09-22,21.75,75.08,319.5,38.25
2023-09-25,21.735,75.1,324.0,38.49
2023-09-26,21.25,75.1,322.62,38.42
2023-09-27,21.42,74.92,319.8,40.14
2023-09-28,21.04,75.22,332.72,38.66
2023-09-29,19.885,74.8,346.57,39.8
2023-10-02,20.595,74.85,323.9,41.19
2023-10-03,20.61,74.74,314.85,41.64
2023-10-04,20.17,75.01,323.79,41.36
2023-10-05,20.72,74.78,320.0,43.17
2023-10-06,20.68,75.04,331.53,41.95
2023-10-09,20.71,75.09,341.24,41.51
2023-10-10,20.94,75.14,338.6,39.66
2023-10-11,21.25,75.06,335.0,39.42
2023-10-12,21.14,75.1,327.62,39.54
2023-10-13,19.09,75.03,338.0,41.1
2023-10-16,19.99,74.81,321.34,42.34
2023-10-17,19.94,74.72,335.89,42.93
2023-10-18,19.81,74.65,330.72,43.53
2023-10-19,19.135,74.79,353.65,44.25
2023-10-20,18.45,74.81,355.35,44.47
2023-10-23,16.21,74.97,408.39,42.78
2023-10-24,16.25,74.9,434.79,43.33
2023-10-25,16.33,74.86,420.0,43.77
2023-10-26,16.4,75.06,420.0,43.13
2023-10-27,16.1801,75.04,423.0,43.43
2023-10-30,16.33,75.0,416.5,42.95
2023-10-31,16.07,74.73,429.62,43.02
2023-11-01,15.905,75.2,440.48,40.36
2023-11-02,16.31,75.4,444.98,38.4
2023-11-03,15.96,75.39,463.98,40.05
2023-11-06,16.1482,75.34,454.0,39.57
2023-11-07,15.85,75.37,469.08,38.75
2023-11-08,14.89,75.4,498.29,38.3
2023-11-09,15.14,75.32,504.0,38.95
2023-11-10,15.226,75.15,502.0,39.83
2023-11-13,15.35,75.54,506.7,37.37
2023-11-14,15.49,75.58,486.34,38.21
2023-11-15,15.28,75.68,494.0,37.93
2023-11-16,15.365,75.7,492.65,37.32
2023-11-17,15.0,75.66,492.01,37.73
2023-11-20,15.12,75.76,497.99,37.03
2023-11-21,15.2607,75.84,494.0,36.55
2023-11-22,14.78,75.74,510.0,37.4
2023-11-24,15.255,75.76,505.75,37.26
2023-11-27,14.9301,75.87,505.12,36.8
2023-11-28,14.67,76.21,507.98,35.77
2023-11-29,14.8,76.17,498.0,35.97
2023-11-30,14.49,75.97,503.53,36.22
2023-12-01,13.31,76.15,567.0,35.31
2023-12-04,13.15,76.18,566.0,34.45
2023-12-05,12.52,76.35,585.12,33.42
2023-12-06,12.75,76.26,557.2,33.35
2023-12-07,12.671,76.17,573.48,33.92
2023-12-08,13.215,76.05,574.0,34.2
2023-12-11,13.21,76.11,560.0,34.09
2023-12-12,13.31,76.2,557.59,33.36
2023-12-13,12.92,76.8,588.0,31.52
2023-12-14,13.08,76.83,575.0,30.75
2023-12-15,13.28,76.72,561.1,30.97
2023-12-18,12.9,76.7,583.5,30.65
2023-12-19,12.46,76.93,589.77,30.0
2023-12-20,12.52,77.01,588.1,29.71
2023-12-21,12.68,76.88,581.96,29.9
2023-12-22,12.905,76.84,609.49,30.4
2023-12-26,12.83,76.87,613.8,29.68
2023-12-27,12.87,77.03,655.5,29.51
2023-12-28,12.86,76.95,674.83,30.03
2023-12-29,11.9,76.87,692.49,30.65
2024-01-02,13.03,76.65,643.22,31.17
2024-01-03,12.69,76.76,638.6,31.2
2024-01-04,12.558,76.7,648.71,31.8
2024-01-05,12.2,76.7,637.6,32.02
2024-01-08,11.72,76.78,600.0,31.76
2024-01-09,12.1,76.88,566.68,31.52
2024-01-10,11.47,76.84,598.99,32.13
2024-01-11,12.02,77.18,525.02,31.68
2024-01-12,12.83,77.16,478.0,32.46
2024-01-16,12.93,76.89,474.23,33.16
2024-01-17,12.93,76.91,500.0,33.31
2024-01-18,13.36,76.81,484.5,33.78
2024-01-19,13.55,76.91,468.0,33.05
2024-01-22,14.12,76.89,450.0,33.71
2024-01-23,13.71,77.0,460.0,33.27
2024-01-24,13.71,76.94,452.32,33.71
2024-01-25,13.3,76.93,470.0,33.73
2024-01-26,13.03,77.0,500.0,33.42
2024-01-29,12.5801,77.09,516.98,32.68
2024-01-30,12.79,77.19,508.0,32.17
2024-01-31,12.865,77.2,501.8,31.24
2024-02-01,12.77,76.81,497.25,31.9
2024-02-02,12.59,76.71,502.0,33.0
2024-02-05,12.75,76.71,493.3,33.33
2024-02-06,12.675,76.76,499.47,33.05
2024-02-07,12.1,76.72,530.0,33.47
2024-02-08,11.6,76.6,627.4,33.62
2024-02-09,11.32,76.68,651.99,33.58
2024-02-12,11.09,76.47,675.0,34.28
2024-02-13,10.47,76.39,746.0,34.8
2024-02-14,10.33,76.64,792.44,33.9
2024-02-15,10.39,76.4,735.0,34.65
2024-02-16,10.39,76.57,710.79,34.52
2024-02-20,10.7,76.58,684.3,34.44
2024-02-21,10.65,76.44,683.7,34.87
2024-02-22,10.6409,76.43,699.01,34.54
2024-02-23,10.6,76.45,687.94,33.69
2024-02-26,9.52,76.41,866.1,34.23
2024-02-27,8.98,76.43,952.0,34.31
2024-02-28,8.52,76.49,995.87,33.86
2024-02-29,8.635,76.35,996.0,33.91
2024-03-01,8.235,76.44,1200.0,33.71
2024-03-04,7.94,76.55,1240.56,32.66
2024-03-05,7.92,76.7,1140.0,32.46
2024-03-06,7.86,76.66,1281.0,31.88
2024-03-07,7.77,76.79,1326.0,32.29
2024-03-08,7.31,76.76,1550.0,32.18
2024-03-11,7.33,76.66,1543.0,32.82
2024-03-12,7.28,76.55,1660.0,33.2
2024-03-13,7.3,76.51,1708.01,33.78
2024-03-14,7.8,76.41,1600.01,34.33
2024-03-15,7.771,76.38,1707.3,34.55
2024-03-18,8.3,76.38,1326.07,34.5
2024-03-19,8.33,76.45,1423.01,33.99
2024-03-20,7.805,76.58,1594.12,33.81
2024-03-21,8.26,76.7,1520.0,33.17
2024-03-22,7.89,76.67,1605.0,33.55
2024-03-25,7.38,76.61,1882.43,33.7
2024-03-26,7.29,76.65,1953.0,33.36
2024-03-27,7.35,76.72,1943.0,33.03
2024-03-28,7.45,76.44,1645.01,33.62
2024-04-01,8.03,76.27,1492.0,34.96
2024-04-02,7.94,76.29,1580.01,35.22
2024-04-03,7.755,76.53,1687.0,34.26
2024-04-04,7.8,76.34,1570.0,34.96
2024-04-05,7.18,76.25,1602.1,35.34
2024-04-08,7.37,76.29,1478.1,34.81
2024-04-09,7.68,76.06,1392.59,35.3
2024-04-10,7.34,75.87,1543.0,35.92
2024-04-11,7.425,76.03,1535.0,35.76
2024-04-12,7.83,75.89,1470.0,36.9
2024-04-15,8.19,75.82,1306.02,37.92
2024-04-16,8.31,75.86,1258.0,37.19
2024-04-17,8.29,75.79,1192.0,36.93
2024-04-18,7.99,75.81,1237.0,36.81
2024-04-19,7.83,75.87,1209.0,37.45
2024-04-22,7.82,75.9,1311.0,37.41
2024-04-23,7.855,75.96,1327.01,37.54
2024-04-24,8.21,75.85,1226.0,38.54
2024-04-25,8.11,75.93,1225.0,37.9
2024-04-26,8.305,75.98,1250.0,37.57
2024-04-29,8.48,75.93,1199.01,37.78
2024-04-30,8.96,75.79,1015.53,37.37
2024-05-01,8.75,75.78,1055.0,37.76
2024-05-02,8.38,76.29,1201.01,36.24
2024-05-03,8.065,76.28,1280.0,36.35
2024-05-06,8.09,76.25,1278.2,35.54
2024-05-07,8.29,76.24,1198.39,36.04
2024-05-08,8.38,76.25,1230.0,36.42
2024-05-09,8.17,76.26,1289.99,36.06
2024-05-10,8.17,76.24,1217.94,35.87
2024-05-13,8.27,76.26,1226.48,35.87
2024-05-14,7.95,76.47,1378.0,34.88
2024-05-15,7.725,76.51,1494.1,34.48
2024-05-16,7.68,76.44,1500.98,35.1
2024-05-17,7.61,76.38,1597.0,35.59
2024-05-20,7.18,76.43,1730.0,35.06
2024-05-21,7.295,76.37,1663.0,35.44
2024-05-22,7.35,76.34,1669.21,35.06
2024-05-23,7.55,76.26,1540.0,35.72
2024-05-24,7.445,76.28,1650.0,35.51
2024-05-28,7.5135,76.21,1650.0,37.04
2024-05-29,7.4618,76.19,1653.0,36.82
2024-05-30,7.41,76.34,1597.0,36.21
2024-05-31,7.265,76.23,1600.0,35.8
2024-06-03,7.32,76.37,1617.42,34.58
2024-06-04,7.14,76.5,1675.0,33.98
2024-06-05,7.155,76.53,1698.59,34.02
2024-06-06,7.13,76.38,1671.02,34.87
2024-06-07,7.36,76.27,1575.01,35.45
2024-06-10,7.59,76.31,1542.0,35.44
2024-06-11,7.35,76.62,1620.0,34.0
2024-06-12,7.49,76.68,1563.3,33.82
2024-06-13,7.58,76.76,1505.0,32.99
2024-06-14,7.77,76.67,1499.8,33.58
2024-06-17,7.87,76.66,1457.93,33.4
2024-06-18,7.8,76.67,1482.11,33.66
2024-06-20,8.03,76.77,1420.0,33.12
2024-06-21,8.325,76.73,1398.0,33.37
2024-06-24,8.2712,76.7,1413.77,33.34
2024-06-25,8.23,76.64,1472.29,33.38
2024-06-26,8.215,76.66,1485.0,33.2
2024-06-27,8.2564,76.72,1516.42,33.09
2024-06-28,8.025,76.39,1410.0,35.31
2024-07-01,8.0209,76.48,1365.51,35.1
2024-07-02,8.38,76.53,1298.0,34.78
2024-07-03,9.05,76.7,1215.5,33.93
2024-07-05,8.79,76.81,1314.53,33.77
2024-07-08,8.795,76.77,1313.88,33.84
2024-07-09,8.69,76.84,1319.7,33.9
2024-07-10,8.55,77.0,1396.0,32.98
2024-07-11,8.7499,77.11,1339.2,33.14
2024-07-12,7.96,77.19,1518.1,33.49
2024-07-15,7.8197,77.17,1615.0,33.15
2024-07-16,7.72,77.17,1611.0,32.87
2024-07-17,7.685,77.18,1633.9,32.99
2024-07-18,7.78,77.14,1573.4,33.51
2024-07-19,7.36,77.11,1784.02,33.26
2024-07-22,7.47,77.13,1763.99,33.69
2024-07-23,7.45,77.23,1750.0,33.85
2024-07-24,7.74,77.19,1616.5,34.32
2024-07-25,7.355,77.35,1700.0,33.64
2024-07-26,7.13,77.4,1819.99,33.16
2024-07-29,7.47,77.41,1687.99,33.13
2024-07-30,7.48,77.5,1647.0,32.59
2024-07-31,7.69,77.44,1615.0,31.94
2024-08-01,7.65,77.92,1485.81,30.7
2024-08-02,9.575,78.38,1044.97,29.0
2024-08-05,8.84,78.02,1326.0,29.95
2024-08-06,8.48,77.86,1408.78,31.27
2024-08-07,8.355,77.72,130.23,31.83
2024-08-08,7.97,77.87,135.9,30.98
2024-08-09,8.09,77.8,133.49,31.28
2024-08-12,8.17,78.04,132.28,30.47
2024-08-13,7.92,78.03,135.91,30.34
2024-08-14,8.12,77.83,132.7,31.08
2024-08-15,8.19,77.95,132.7,30.46
2024-08-16,8.16,77.93,133.65,30.47
2024-08-19,7.91,78.02,139.98,29.91
2024-08-20,8.06,78.17,134.34,29.7
2024-08-21,7.87,78.12,141.2,29.97
2024-08-22,7.84,78.13,137.4,30.02
2024-08-23,7.49,78.33,148.04,29.73
2024-08-26,7.66,78.2,144.09,30.48
2024-08-27,7.98,78.29,138.11,30.19
2024-08-28,7.91,78.24,136.88,30.58
2024-08-29,8.03,78.26,134.0,30.46
2024-08-30,8.07,78.12,132.29,30.3
2024-09-03,8.45,78.18,120.2,30.13
2024-09-04,8.43,78.44,121.69,29.27
2024-09-05,8.4,78.45,123.01,29.11
2024-09-06,8.59,78.52,119.12,29.3
2024-09-09,8.34,78.58,123.05,28.99
2024-09-10,8.355,78.6,124.75,28.61
2024-09-11,8.23,78.67,129.2,28.68
2024-09-12,8.23,78.76,131.13,28.7
2024-09-13,8.12,78.77,137.02,28.65
2024-09-16,7.995,78.7,138.38,28.2
2024-09-17,7.9125,78.7,130.44,28.85
2024-09-18,7.47,78.68,140.28,29.63
2024-09-19,7.51,78.69,144.01,29.56
2024-09-20,7.478,78.74,147.57,29.94
2024-09-23,7.4676,78.77,149.98,30.28
2024-09-24,7.4483,78.82,152.3,29.63
2024-09-25,7.34,78.74,157.63,29.83
2024-09-26,7.2184,78.72,170.0,29.5
2024-09-27,7.415,78.76,168.48,29.48
2024-09-30,7.46,78.54,168.61,29.21
2024-10-01,7.76,78.5,160.9,30.05
2024-10-02,7.815,78.48,163.0,30.09
2024-10-03,7.675,78.27,166.72,31.23
2024-10-04,7.485,77.89,180.0,31.58
2024-10-07,7.55,77.85,186.09,31.94
2024-10-08,7.64,77.9,189.86,31.79
2024-10-09,7.735,77.88,191.76,32.4
2024-10-10,7.68,77.98,188.5,32.66
2024-10-11,7.265,77.9,224.5,32.77
2024-10-14,7.135,78.07,206.75,32.05
2024-10-15,6.93,78.07,200.0,31.41
2024-10-16,7.025,77.98,192.59,32.23
2024-10-17,6.94,78.05,197.26,32.39
2024-10-18,6.9375,77.94,214.6,33.05
2024-10-21,7.01,77.86,216.49,33.35
2024-10-22,7.075,77.77,215.0,33.91
2024-10-23,6.96,77.8,219.98,33.69
2024-10-24,6.92,77.84,236.25,33.09
2024-10-25,6.815,77.78,244.75,33.73
2024-10-28,6.585,77.64,264.0,34.51
2024-10-29,6.52,77.77,246.21,33.28
2024-10-30,6.505,77.62,251.45,33.8
2024-10-31,6.68,77.47,245.88,33.88
2024-11-01,6.84,77.49,226.4,33.48
2024-11-04,6.75,77.44,233.5,33.74
2024-11-05,6.26,77.24,261.0,35.46
2024-11-06,30.85,77.38,256.8,34.59
2024-11-07,30.34,77.49,275.5,33.71
2024-11-08,28.16,77.34,296.77,33.5
2024-11-11,26.41,77.27,334.0,34.18
2024-11-12,25.27,77.34,366.31,34.14
2024-11-13,24.89,77.37,342.05,34.83
2024-11-14,25.5,77.21,336.3,35.18
2024-11-15,25.13,77.33,346.03,35.47
2024-11-18,24.8,77.43,389.44,34.61
2024-11-19,23.99,77.35,463.0,35.12
2024-11-20,23.33,77.36,535.6,34.89
2024-11-21,23.29,77.38,403.75,34.88
2024-11-22,23.38,77.49,439.0,33.55
2024-11-25,24.63,77.53,382.04,33.56
2024-11-26,23.94,77.65,384.71,32.9
2024-11-27,23.18,77.73,405.0,32.54
2024-11-29,23.51,77.78,393.96,32.52
2024-12-02,24.02,77.6,367.7,32.11
2024-12-03,23.6,77.51,380.02,33.14
2024-12-04,21.91,77.59,441.0,32.26
2024-12-05,22.77,77.77,395.5,31.66
2024-12-06,22.85,77.71,394.3,32.17
2024-12-09,23.03,77.64,373.64,32.79
2024-12-10,22.87,77.72,385.81,32.88
2024-12-11,22.22,77.63,413.3,33.81
2024-12-12,22.46,77.55,400.38,34.44
2024-12-13,21.6,77.5,424.35,34.67
2024-12-16,20.89,77.44,412.73,34.69
2024-12-17,21.54,77.48,385.0,34.96
2024-12-18,21.965,77.21,365.44,36.42
2024-12-19,23.66,77.35,317.65,36.0
2024-12-20,23.5,77.31,357.0,35.88
2024-12-23,23.1,76.97,344.24,36.82
2024-12-24,23.36,76.98,350.37,36.82
2024-12-26,23.21,77.1,341.51,36.6
2024-12-27,24.13,77.17,320.0,36.15
2024-12-30,23.37,77.27,316.5,35.94
2024-12-31,23.18,77.27,300.55,36.36
2025-01-02,23.06,77.34,303.2,36.35
2025-01-03,22.58,77.19,349.52,37.0
2025-01-06,22.165,77.23,365.0,37.43
2025-01-07,23.4,77.19,335.58,38.42
2025-01-08,23.62,77.12,330.0,38.65
2025-01-10,24.56,76.98,309.65,38.44
2025-01-13,23.03,77.01,342.49,38.75
2025-01-14,22.54,77.26,357.2,37.28
2025-01-15,22.47,77.2,358.59,37.35
2025-01-16,21.65,77.35,383.99,36.67
2025-01-17,21.15,77.39,395.0,36.36
2025-01-21,21.27,77.38,384.41,36.33
2025-01-22,21.77,77.32,371.97,37.47
2025-01-23,21.15,77.35,377.17,37.4
2025-01-24,22.15,77.56,340.0,36.15
2025-01-27,21.72,77.52,344.42,36.39
2025-01-28,21.82,77.6,338.38,36.04
2025-01-29,21.1672,77.59,345.83,36.0
2025-01-30,21.28,77.64,339.88,36.05
2025-01-31,23.41,77.35,310.13,35.63
2025-02-03,22.44,77.28,340.54,36.53
2025-02-04,22.55,77.48,348.99,34.98
2025-02-05,22.6525,77.46,338.7,34.59
2025-02-06,22.31,77.42,335.4,35.1
2025-02-07,22.84,77.38,333.33,35.17
2025-02-10,23.025,77.33,332.24,35.75
2025-02-11,23.58,77.19,315.6,36.8
2025-02-12,23.24,77.35,325.85,36.1
2025-02-13,23.09,77.43,325.0,35.12
2025-02-14,23.105,77.51,337.0,35.7
2025-02-18,23.1,77.4,337.3,36.17
2025-02-19,22.74,77.51,323.45,35.97
2025-02-20,22.51,77.53,327.93,35.56
2025-02-21,23.31,77.64,304.01,35.18
2025-02-24,24.97,77.89,267.6,33.93
2025-02-25,25.84,77.91,246.2,33.57
2025-02-26,25.61,77.93,266.71,33.6
2025-02-27,27.01,78.04,238.13,33.27
2025-02-28,23.46,77.89,293.6,33.32
2025-03-03,26.7,78.08,240.61,32.55
2025-03-04,24.66,78.06,278.16,33.31
2025-03-05,24.57,77.88,298.1,34.1
2025-03-06,24.82,78.05,298.27,33.53
2025-03-07,26.68,78.0,267.19,33.59
2025-03-10,26.86,78.07,245.0,33.67
2025-03-11,26.22,77.88,264.4,34.5
2025-03-12,26.39,77.86,262.55,34.87
2025-03-13,26.11,77.95,274.0,34.4
2025-03-14,26.26,77.89,291.2,33.93
2025-03-17,26.44,77.86,282.58,34.49
2025-03-18,25.91,77.86,290.3,33.96
2025-03-19,25.52,78.18,297.5,33.0
2025-03-20,25.97,78.16,295.7,33.56
2025-03-21,24.89,78.06,316.14,34.37
2025-03-24,24.75,78.01,333.07,34.94
2025-03-25,24.8,78.0,336.13,35.0
2025-03-26,25.13,78.0,323.0,35.16
2025-03-27,25.46,78.1,318.32,34.38
2025-03-28,26.28,78.3,282.4,33.46
2025-03-31,25.89,78.06,292.87,33.08
2025-04-01,25.54,78.18,297.86,32.5
2025-04-02,26.33,78.38,286.75,32.34
2025-04-03,26.1,78.65,284.94,31.62
2025-04-04,27.86,78.47,259.01,32.52
2025-04-07,26.74,78.02,278.01,34.27
2025-04-08,27.91,78.04,242.37,36.31
2025-04-09,26.13,77.98,282.61,35.98
2025-04-10,25.88,77.86,280.22,37.32
2025-04-11,24.99,77.84,309.75,36.0
2025-04-14,24.74,78.05,312.6,36.37
2025-04-15,25.37,78.16,305.89,35.87
2025-04-16,25.09,78.25,313.0,35.57
2025-04-17,24.34,78.26,324.94,36.85
2025-04-21,23.71,78.25,328.69,36.59
2025-04-22,22.54,78.31,355.0,34.84
2025-04-23,22.84,78.26,345.36,35.52
2025-04-24,22.475,78.35,353.4,34.79
2025-04-25,22.28,78.42,372.51,35.19
2025-04-28,22.36,78.55,369.42,34.6
2025-04-29,22.47,78.68,373.5,34.15
2025-04-30,21.905,78.61,391.51,34.41
2025-05-01,21.84,78.25,393.64,35.71
2025-05-02,22.53,78.17,383.69,35.99
2025-05-05,22.67,78.17,378.0,36.48
2025-05-06,21.925,78.25,393.52,35.64
2025-05-07,21.31,78.25,407.59,35.4
2025-05-08,20.55,78.16,419.44,36.3
2025-05-09,20.34,77.9,420.79,36.8
2025-05-12,20.4,77.96,412.65,37.04
2025-05-13,20.32,77.9,420.68,37.43
2025-05-14,20.63,77.92,411.72,37.5
2025-05-15,20.44,78.12,399.91,36.48
2025-05-16,20.65,77.94,393.12,38.27
2025-05-19,20.25,78.03,413.0,37.77
2025-05-20,19.89,78.0,416.0,38.4
2025-05-21,18.99,78.0,413.6,39.61
2025-05-22,19.48,78.14,391.92,38.22
2025-05-23,19.16,78.14,380.83,38.01
2025-05-27,19.49,78.13,368.94,37.81
2025-05-28,19.56,78.17,370.81,37.54
2025-05-29,20.07,78.27,369.0,37.11
2025-05-30,20.41,78.05,367.77,37.64
2025-06-02,20.1,78.07,379.39,37.53
2025-06-03,20.2,78.1,385.0,37.24
2025-06-04,20.045,78.16,383.85,36.49
2025-06-05,20.365,77.95,377.82,37.28
2025-06-06,19.68,77.88,380.0,37.9
2025-06-09,19.29,77.95,393.25,36.89
2025-06-10,19.29,78.06,390.83,37.3
2025-06-11,19.85,78.2,378.47,36.42
2025-06-12,20.19,78.13,375.5,36.32
2025-06-13,19.87,78.09,388.01,37.0
2025-06-16,20.03,78.13,375.72,37.17
2025-06-17,20.36,78.22,371.8,36.28
2025-06-18,19.94,78.19,373.0,37.0
2025-06-20,20.93,78.31,362.33,36.26
2025-06-23,20.135,78.39,373.76,36.8
2025-06-24,19.59,78.48,384.66,36.07
2025-06-25,19.75,78.6,386.53,35.67
2025-06-26,19.83,78.6,385.0,35.6
2025-06-27,19.66,78.66,389.82,35.38
2025-06-30,19.86,78.41,395.47,34.83
2025-07-01,19.68,78.33,383.35,35.68
2025-07-02,19.32,78.25,400.99,35.77
2025-07-03,19.49,78.23,403.47,36.25
2025-07-07,19.42,78.14,399.6,37.12
2025-07-08,19.29,78.21,401.6,36.64
2025-07-09,19.03,78.27,412.37,36.02
2025-07-10,17.95,78.23,430.54,36.57
2025-07-11,17.35,78.23,447.0,37.18
2025-07-14,17.93,78.24,445.09,36.87
2025-07-15,17.745,78.16,448.23,37.42
2025-07-16,17.9062,78.27,451.77,37.53
2025-07-17,17.76,78.36,452.65,37.31
2025-07-18,17.86,78.44,430.1,36.6
2025-07-21,17.69,78.46,428.87,36.68
2025-07-22,17.89,78.45,422.83,36.79
2025-07-23,17.78,78.29,414.49,37.24
2025-07-24,18.19,78.37,405.01,37.07
2025-07-25,17.79,78.37,417.0,36.96
2025-07-28,17.75,78.4,406.01,36.74
2025-07-29,17.99,78.4,396.92,36.25
2025-07-30,17.91,78.42,399.0,35.94
2025-07-31,18.32,78.45,389.8,35.32
2025-08-01,18.54,78.65,373.0,35.0
2025-08-04,18.53,78.59,383.89,35.12
2025-08-05,18.58,78.57,374.49,35.19
2025-08-06,18.15,78.61,388.4,35.13
2025-08-07,18.1,78.56,397.6,35.55
2025-08-08,17.7,78.53,404.02,35.4
2025-08-11,17.74,78.54,400.5,35.93
2025-08-12,17.53,78.69,396.7,35.54
2025-08-13,17.84,78.64,380.0,35.47
2025-08-14,17.83,78.65,372.62,36.2
2025-08-15,18.27,78.63,360.0,36.32
2025-08-18,18.26,78.63,363.16,36.42
2025-08-19,18.64,78.65,339.25,36.32
2025-08-20,18.64,78.65,339.6,36.43
2025-08-21,18.845,78.62,335.2,36.12
