Date,BITF,BITO,COIN,MARA,MSTR,RIOT,UVXY
2021-10-19,5.67,42.16,306.66,54.11,735.0,30.95,17.42
2021-10-20,5.78,42.6,311.96,52.6,752.87,31.29,17.3
2021-10-21,5.46,41.23,302.0,50.56,731.43,29.02,16.34
2021-10-22,5.28,40.93,306.76,51.06,736.45,29.13,16.59
2021-10-25,5.29,40.45,328.15,53.74,740.32,29.42,15.78
2021-10-26,5.07,38.07,309.33,50.82,720.0,27.55,16.44
2021-10-27,5.11,39.69,319.81,52.19,728.94,27.4,16.66
2021-10-28,5.27,39.44,319.32,50.78,724.1,27.49,16.92
2021-10-29,5.31,39.9,324.77,52.29,721.0,27.3,16.26
2021-11-01,5.71,40.75,336.33,58.46,752.01,28.92,16.07
2021-11-02,6.3,40.17,335.26,61.67,781.59,31.07,15.51
2021-11-03,6.75,39.82,340.74,63.87,810.0,32.76,14.41
2021-11-04,7.41,39.61,345.23,65.17,803.87,33.01,14.72
2021-11-05,8.0,42.17,349.5,70.01,841.99,34.0,15.4
2021-11-08,8.5,43.69,367.39,81.5,884.5,40.9,15.98
2021-11-09,9.05,43.92,327.22,79.05,878.86,41.16,16.71
2021-11-10,7.96,41.57,327.43,66.79,812.33,37.42,16.08
2021-11-11,7.97,40.88,339.25,69.69,811.02,39.67,15.69
2021-11-12,8.89,41.79,345.1,72.62,819.96,45.9,14.98
2021-11-15,7.99,38.95,333.14,51.0,767.28,36.44,15.15
2021-11-16,8.43,38.68,342.03,55.6,763.6,37.6,15.01
2021-11-17,8.3,37.81,343.0,51.02,750.51,34.46,15.18
2021-11-18,8.0,37.04,325.56,51.94,735.12,33.98,15.71
2021-11-19,8.38,37.38,333.33,55.0,724.71,36.6,15.41
2021-11-22,7.58,36.5,312.5,50.85,694.27,33.81,16.33
2021-11-23,7.68,35.83,309.38,49.92,690.02,34.33,16.36
2021-11-24,7.37,34.8,301.3,49.26,681.29,35.04,18.2
2021-11-26,7.43,36.5,312.22,52.13,690.0,36.3,18.03
2021-11-29,7.82,37.27,320.75,52.03,698.25,37.9,18.25
2021-11-30,8.0,37.34,318.6,52.22,732.64,38.46,18.31
2021-12-01,7.44,35.97,295.16,50.5,691.52,35.0,21.74
2021-12-02,7.21,36.06,286.0,48.89,675.93,33.6,20.5
2021-12-03,5.51,30.71,253.13,38.01,594.92,26.4,22.26
2021-12-06,6.52,32.44,277.65,44.29,621.0,29.85,18.96
2021-12-07,6.3,31.95,284.44,45.49,623.67,29.52,17.08
2021-12-08,6.2,31.16,284.97,45.7,621.5,28.78,15.82
2021-12-09,5.98,31.47,266.3,43.02,613.61,27.18,15.27
2021-12-10,5.4,30.35,252.14,39.56,594.95,25.56,15.1
2021-12-13,4.99,29.74,247.28,36.0,565.0,23.84,16.58
2021-12-14,5.0,30.24,254.49,37.02,577.61,24.68,16.37
2021-12-15,5.27,30.89,264.46,38.99,595.72,25.74,14.09
2021-12-16,4.54,29.53,240.0,34.0,553.55,23.36,16.3
2021-12-17,4.5,28.98,236.56,32.24,552.82,22.36,18.33
2021-12-20,4.8,30.85,244.15,34.24,567.7,23.48,16.14
2021-12-21,4.92,30.91,248.51,34.19,569.79,23.76,15.7
2021-12-22,5.09,30.78,256.56,34.01,568.3,23.58,14.18
2021-12-23,5.84,32.49,270.26,39.0,600.0,25.8,13.96
2021-12-27,5.56,31.06,270.0,37.19,590.0,24.76,13.53
2021-12-28,5.23,29.99,256.67,34.86,566.96,23.08,13.1
2021-12-29,5.16,29.83,252.6,33.88,555.88,22.82,12.5
2021-12-30,5.16,30.3,255.81,34.5,566.9,23.53,12.54
2021-12-31,5.13,29.75,256.27,33.49,550.61,22.45,12.16
2022-01-03,5.1,29.67,253.05,33.6,560.15,23.29,11.67
2022-01-04,5.15,29.26,247.72,33.36,541.76,23.77,11.9
2022-01-05,4.44,27.01,233.19,29.71,500.0,21.15,13.18
2022-01-06,4.35,26.34,233.63,28.4,490.9,19.98,13.2
2022-01-07,4.05,25.06,224.43,26.94,463.69,19.41,13.42
2022-01-10,4.26,26.1,225.5,28.61,482.3,19.91,12.56
2022-01-11,4.99,27.63,242.11,31.28,524.0,21.67,11.45
2022-01-12,5.09,27.92,241.99,30.9,521.85,21.73,11.45
2022-01-13,4.4,26.62,226.62,27.58,484.17,19.84,13.2
2022-01-14,4.32,26.14,226.82,27.6,484.8,19.65,13.09
2022-01-18,4.32,26.59,224.25,26.38,482.79,19.01,13.25
2022-01-19,4.13,26.72,222.3,25.38,467.09,17.93,13.68
2022-01-20,3.78,24.26,209.98,22.91,422.84,16.32,15.53
2022-01-21,3.13,21.17,173.18,19.8,320.0,13.48,19.24
2022-01-24,3.41,23.1,185.17,22.58,369.99,14.5,19.63
2022-01-25,3.77,24.2,193.6,23.92,390.0,15.79,16.76
2022-01-26,3.54,23.22,182.03,21.52,360.0,14.33,17.09
2022-01-27,3.14,23.33,169.1,20.56,328.69,13.59,18.23
2022-01-28,3.35,23.48,177.87,22.0,337.88,14.98,17.19
2022-01-31,3.82,24.48,197.97,24.0,382.86,16.56,14.82
2022-02-01,3.91,24.12,195.81,24.5,366.74,16.42,13.42
2022-02-02,3.44,22.96,182.26,22.0,340.0,14.96,14.36
2022-02-03,3.51,23.76,181.02,22.07,340.76,15.11,15.21
2022-02-04,4.13,27.01,198.7,25.0,404.01,17.71,14.17
2022-02-07,4.08,27.44,200.37,25.0,408.75,17.58,13.85
2022-02-08,4.31,27.69,210.18,26.8,430.0,18.65,12.52
2022-02-09,4.19,27.38,210.57,27.89,439.5,18.93,13.28
2022-02-10,4.28,27.42,205.8,28.8,430.11,19.3,14.01
2022-02-11,4.1,26.86,193.48,26.86,414.7,18.36,16.97
2022-02-14,4.1,27.88,202.31,27.6,431.01,19.0,15.15
2022-02-15,3.96,27.46,205.38,27.41,428.52,19.08,15.21
2022-02-16,3.88,26.47,202.1,27.1,420.23,19.07,15.18
2022-02-17,3.65,25.37,191.08,25.62,404.59,17.71,16.675
2022-02-18,3.24,23.55,180.87,22.8,377.0,16.19,17.35
2022-02-22,3.37,24.43,180.69,23.36,390.5,16.5,16.15
2022-02-23,2.8,22.11,159.08,19.64,340.24,13.8,21.32
2022-02-24,3.42,24.66,180.24,23.27,403.0,16.45,17.18
2022-02-25,3.26,24.49,172.5,23.2,401.57,16.13,18.23
2022-02-28,3.99,27.95,196.28,27.35,465.12,18.11,18.22
2022-03-01,3.99,27.55,192.26,25.55,454.82,17.41,20.0
2022-03-02,4.06,27.59,194.71,26.6,455.1,17.59,18.13
2022-03-03,3.55,25.94,177.61,24.78,425.0,15.89,20.2
2022-03-04,3.44,24.57,168.25,23.12,413.79,15.12,19.99
2022-03-07,3.23,24.3,160.1,21.75,394.98,14.78,22.18
2022-03-08,3.64,26.47,174.26,24.38,442.0,16.07,20.34
2022-03-09,3.43,24.56,173.14,24.03,415.0,16.18,21.18
2022-03-10,3.49,24.71,175.35,25.14,427.0,16.63,18.49
2022-03-11,3.18,24.32,159.99,22.3,389.95,15.0,19.83
2022-03-14,3.16,24.35,152.9,21.33,369.07,14.1,20.57
2022-03-15,3.39,25.39,160.47,23.15,400.17,15.18,18.83
2022-03-16,3.51,25.7,170.73,24.05,427.98,16.12,17.06
2022-03-17,3.73,25.4,175.03,26.11,435.82,18.12,17.0
2022-03-18,3.83,25.91,181.8,27.94,451.07,19.52,15.34
2022-03-21,3.85,26.93,180.5,28.92,450.16,20.43,14.7
2022-03-22,3.72,26.54,184.72,29.15,455.16,20.52,15.3
2022-03-23,3.75,26.91,185.26,30.01,459.66,21.11,14.63
2022-03-24,4.03,28.2,192.0,31.2,493.7,22.0,14.0
2022-03-25,4.08,29.76,193.31,30.93,496.04,22.12,13.77
2022-03-28,4.2,30.05,198.95,31.33,510.0,22.96,12.71
2022-03-29,4.13,29.61,201.29,30.34,506.2,22.54,12.47
2022-03-30,4.0,29.65,197.25,29.87,504.93,22.15,12.64
2022-03-31,3.79,28.44,189.86,27.86,489.56,20.52,13.13
2022-04-01,3.8,28.83,187.34,28.55,491.72,20.73,12.6
2022-04-04,3.76,29.13,189.76,29.35,508.57,20.79,12.0
2022-04-05,3.43,28.11,172.83,25.21,472.92,18.5,13.89
2022-04-06,3.3,27.12,166.71,24.05,455.5,17.56,13.82
2022-04-07,3.22,26.77,165.21,23.56,459.08,17.13,13.35
2022-04-08,3.09,25.57,156.57,22.05,439.72,16.1,13.54
2022-04-11,3.18,25.3,158.07,22.55,448.0,16.3,13.68
2022-04-12,3.07,24.83,149.03,21.01,441.25,15.45,14.48
2022-04-13,3.4,25.73,153.54,22.3,464.02,15.95,12.64
2022-04-14,3.11,24.62,145.45,20.96,447.8,14.72,13.56
2022-04-18,3.22,25.59,146.02,21.1,450.0,14.82,13.07
2022-04-19,3.35,26.3,154.93,21.65,476.6,14.93,11.83
2022-04-20,3.25,26.8,151.97,21.3,461.02,14.46,11.39
2022-04-21,3.03,25.25,137.29,19.08,424.92,12.655,13.07
2022-04-22,2.79,24.2,130.01,17.8,405.08,11.54,15.74
2022-04-25,2.93,25.1,135.31,18.5,426.0,12.01,15.27
2022-04-26,2.82,24.32,125.28,17.0,393.2,10.83,17.23
2022-04-27,2.91,24.62,123.69,16.87,393.0,11.1,16.4
2022-04-28,2.91,24.33,121.1,16.66,393.0,10.82,16.74
2022-04-29,2.86,24.18,113.07,15.56,356.01,10.09,18.38
2022-05-02,2.94,23.9,120.23,16.35,360.0,10.86,17.49
2022-05-03,3.05,24.34,124.0,16.88,346.51,10.9,15.96
2022-05-04,3.14,24.57,125.0,17.27,356.62,11.34,14.57
2022-05-05,2.81,22.36,112.5,15.49,310.0,9.99,18.14
2022-05-06,2.48,20.36,96.0,13.94,271.25,8.9,18.57
2022-05-09,2.3,19.98,87.0,12.86,237.35,8.21,18.02
2022-05-10,1.92,18.55,54.85,11.05,200.0,7.08,18.62
2022-05-11,1.71,17.7,48.54,9.43,153.19,6.5,18.75
2022-05-12,2.08,19.01,69.26,11.21,202.06,7.95,16.78
2022-05-13,2.02,18.56,68.06,11.15,200.0,7.83,15.97
2022-05-16,1.92,19.0,66.2,10.75,210.0,7.56,14.42
2022-05-17,1.93,18.3,67.69,10.69,216.88,7.45,15.0
2022-05-18,1.89,18.42,65.0,10.17,204.79,6.99,18.15
2022-05-19,1.91,18.83,69.37,10.6,214.52,7.27,15.22
2022-05-20,1.82,18.92,65.54,9.88,211.64,6.93,15.57
2022-05-23,1.75,18.17,64.56,9.6,200.6,6.69,16.13
2022-05-24,1.66,18.29,61.07,8.92,190.73,6.21,16.16
2022-05-25,1.65,17.49,63.97,8.81,180.22,6.14,15.08
2022-05-26,1.77,18.12,69.84,9.9,220.28,6.76,14.55
2022-05-27,2.0,19.78,80.0,11.0,235.17,7.69,14.61
2022-05-31,2.02,19.8,77.5,10.23,261.35,7.2,13.57
2022-06-01,1.86,18.51,67.8,9.14,234.79,6.49,13.77
2022-06-02,1.88,18.34,69.39,9.09,239.38,6.53,13.62
2022-06-03,2.04,19.53,70.76,9.16,243.95,6.5,13.06
2022-06-06,1.82,18.34,67.31,8.67,221.7,6.11,13.7
2022-06-07,1.85,18.83,69.23,8.67,236.88,6.075,12.89
2022-06-08,1.79,18.71,69.08,8.4,231.33,5.89,13.0
2022-06-09,1.61,18.21,60.0,7.38,211.89,5.27,14.38
2022-06-10,1.35,14.5,46.18,6.16,149.9,4.4,16.59
2022-06-13,1.34,13.94,52.5,6.54,149.01,4.7,17.55
2022-06-14,1.37,13.25,50.94,6.73,160.46,4.79,16.38
2022-06-15,1.38,13.18,52.58,6.73,160.87,4.69,16.72
2022-06-16,1.32,12.78,50.12,6.46,158.03,4.5,16.87
2022-06-17,1.36,13.12,54.2,6.89,170.94,4.8,15.3
2022-06-21,1.33,12.74,53.87,7.07,177.25,4.96,16.15
2022-06-22,1.35,12.72,53.6,6.75,177.0,4.74,14.66
2022-06-23,1.41,13.16,60.0,7.12,195.0,5.01,14.4
2022-06-24,1.49,13.15,59.56,7.43,202.51,5.19,14.22
2022-06-27,1.42,13.0,56.26,6.91,197.64,5.02,13.48
2022-06-28,1.26,12.42,50.5,6.25,180.3,4.67,14.4
2022-06-29,1.13,11.87,48.2,5.52,172.8,4.34,14.81
2022-06-30,1.12,11.89,47.99,5.39,166.9,4.24,14.76
2022-07-01,1.04,11.95,48.13,5.4,165.84,4.14,14.75
2022-07-05,1.25,12.48,54.17,5.92,185.76,4.65,14.04
2022-07-06,1.19,12.61,52.14,5.76,190.7,4.6,13.51
2022-07-07,1.24,13.2,55.61,6.65,213.12,5.08,13.47
2022-07-08,1.31,12.7,57.54,7.89,210.35,5.06,13.33
2022-07-11,1.18,12.27,53.7,7.75,196.52,4.82,13.56
2022-07-12,1.09,11.73,51.68,7.51,185.76,4.68,14.26
2022-07-13,1.14,12.17,52.34,7.59,193.29,4.86,14.04
2022-07-14,1.19,12.96,54.35,8.25,208.5,5.45,13.09
2022-07-15,1.25,13.75,56.71,8.77,230.12,5.93,12.32
2022-07-18,1.37,13.81,60.86,10.36,236.66,6.6,12.57
2022-07-19,1.53,14.78,67.08,13.58,278.5,7.22,12.55
2022-07-20,1.4,14.05,71.0,11.74,279.04,6.78,12.22
2022-07-21,1.55,14.6,76.2,13.87,294.06,7.85,11.79
2022-07-22,1.33,13.55,68.93,11.61,270.0,6.84,11.69
2022-07-25,1.21,12.95,61.69,11.22,248.95,6.39,11.69
2022-07-26,1.29,13.16,54.87,10.86,247.28,6.5,11.5
2022-07-27,1.37,14.32,58.24,12.32,260.0,7.17,11.13
2022-07-28,1.43,14.65,60.14,12.78,270.0,7.24,10.42
2022-07-29,1.4,14.3,61.19,12.51,276.33,7.2,10.6
2022-08-01,1.38,14.08,60.91,11.88,280.89,7.19,11.05
2022-08-02,1.54,14.38,69.05,13.17,283.76,7.91,10.69
2022-08-03,1.61,14.17,106.1,13.5,319.89,8.23,10.33
2022-08-04,1.54,14.23,86.58,13.23,308.74,8.15,10.58
2022-08-05,1.7,14.87,97.84,15.3,335.65,8.75,9.89
2022-08-08,1.63,14.37,93.89,14.01,320.0,8.48,10.12
2022-08-09,1.72,14.92,89.98,15.37,347.0,8.71,9.5
2022-08-10,1.87,15.22,97.25,17.7,355.0,9.83,9.12
2022-08-11,1.74,14.7,85.23,17.25,336.99,9.54,9.17
2022-08-12,2.1,14.89,89.11,18.0,346.46,9.9,9.3
2022-08-15,2.11,14.76,90.55,17.55,344.2,9.57,8.94
2022-08-16,1.88,14.57,87.51,16.35,335.0,8.99,9.14
2022-08-17,1.86,14.49,86.33,15.81,321.03,8.65,8.95
2022-08-18,1.57,13.23,76.0,13.8,299.42,7.62,9.02
2022-08-19,1.44,13.01,70.91,12.62,273.01,6.95,9.97
2022-08-22,1.41,13.17,71.95,13.03,271.9,7.02,10.21
2022-08-23,1.43,13.17,71.88,13.58,265.7,7.17,9.92
2022-08-24,1.47,13.26,71.84,13.83,277.86,7.35,9.39
2022-08-25,1.45,13.38,71.71,13.21,275.0,7.44,9.14
2022-08-26,1.29,12.24,65.51,11.13,241.37,6.61,10.62
2022-08-29,1.35,12.47,67.97,11.99,250.04,7.02,10.19
2022-08-30,1.3,12.44,68.7,11.67,248.27,6.94,10.25
2022-08-31,1.25,12.21,65.55,11.44,220.02,6.96,10.52
2022-09-01,1.28,12.49,67.71,11.74,226.1,6.97,9.615
2022-09-02,1.22,12.16,65.56,11.38,218.53,6.65,9.95
2022-09-06,1.13,11.53,62.0,10.95,203.99,6.31,10.64
2022-09-07,1.19,11.71,66.36,11.47,214.47,6.47,10.01
2022-09-08,1.37,12.91,78.2,14.0,249.41,8.0,9.28
2022-09-09,1.49,13.79,82.6,14.67,263.0,8.49,9.08
2022-09-12,1.3,13.15,75.34,13.06,241.85,7.71,9.89
2022-09-13,1.27,12.52,75.3,12.88,230.1,7.61,10.48
2022-09-14,1.25,12.31,77.63,12.4,224.39,7.46,10.5
2022-09-15,1.25,12.16,75.15,11.69,211.52,7.18,10.83
2022-09-16,1.18,11.54,71.88,10.49,199.85,6.44,10.69
2022-09-19,1.2,11.62,68.09,10.59,200.0,6.46,10.25
2022-09-20,1.19,11.87,68.9,10.38,198.31,6.23,10.22
2022-09-21,1.16,11.77,67.4,10.63,196.89,6.37,10.78
2022-09-22,1.08,11.69,61.56,10.0,188.7,6.0,11.23
2022-09-23,1.06,11.72,62.98,9.61,191.82,6.4,12.22
2022-09-26,1.09,12.4,65.29,10.34,212.84,7.02,11.98
2022-09-27,1.02,11.79,62.8,9.8,207.6,6.72,12.61
2022-09-28,1.06,11.87,64.62,10.51,214.25,7.06,12.43
2022-09-29,1.04,11.83,61.25,10.75,208.51,6.95,12.6
2022-09-30,1.08,11.83,64.95,10.83,213.9,7.05,12.32
2022-10-03,1.13,12.34,69.09,11.79,235.84,7.56,11.29
2022-10-04,1.09,12.28,71.8,12.27,240.94,7.35,11.63
2022-10-05,1.14,12.41,73.07,12.83,242.19,7.22,11.35
2022-10-06,1.08,12.1,70.85,12.52,234.0,6.98,12.2
2022-10-07,1.02,11.93,67.58,11.0,219.62,6.52,12.79
2022-10-10,0.97,11.74,67.61,10.76,221.21,6.3,13.28
2022-10-11,0.9423,11.73,69.74,10.33,218.18,6.17,13.37
2022-10-12,0.9,11.22,63.66,9.57,201.48,5.71,13.59
2022-10-13,1.03,12.14,71.85,11.45,223.34,6.49,12.33
2022-10-14,1.01,12.07,66.48,10.85,220.0,6.03,12.52
2022-10-17,1.03,12.12,72.9,12.36,230.2,6.3,12.21
2022-10-18,0.96,11.81,64.82,11.25,228.08,5.82,12.36
2022-10-19,0.93,11.79,63.14,10.69,228.23,5.615,12.26
2022-10-20,0.9405,11.68,63.4,10.79,218.55,5.5,12.03
2022-10-21,0.95,11.93,67.4,11.7,233.0,5.83,11.85
2022-10-24,0.94,11.94,67.01,12.93,240.0,6.02,11.81
2022-10-25,1.11,12.64,75.28,14.45,270.32,6.82,11.23
2022-10-26,1.06,12.83,74.51,14.15,275.74,7.2,10.6
2022-10-27,0.99,12.56,72.0,13.74,269.19,6.85,10.39
2022-10-28,1.02,12.76,72.37,13.86,278.9,7.05,10.14
2022-10-31,0.9985,12.66,69.0,13.45,275.95,7.1,9.62
2022-11-01,0.9433,12.6,63.4,12.15,258.89,6.46,9.76
2022-11-02,0.88,12.44,59.4,10.87,241.91,5.76,10.2
2022-11-03,0.9117,12.89,60.4,11.26,261.12,5.82,9.37
2022-11-04,0.89,12.8,60.0,10.85,271.41,5.81,9.44
2022-11-07,0.8581,12.06,54.5,10.0,248.0,5.36,9.23
2022-11-08,0.7779,10.69,47.09,9.35,195.0,5.0,9.79
2022-11-09,0.75,10.28,51.04,9.95,189.0,5.2,9.3
2022-11-10,0.71,9.78,47.5,9.45,162.52,5.09,9.48
2022-11-11,0.7411,9.99,55.7,9.6,171.31,5.28,9.24
2022-11-14,0.8098,10.23,55.0,9.88,174.0,5.33,8.86
2022-11-15,0.75,9.98,52.83,9.4,163.53,5.05,9.2
2022-11-16,0.695,9.96,46.67,8.3,165.65,4.69,9.34
2022-11-17,0.6895,10.21,48.8,8.35,177.0,4.7,8.75
2022-11-18,0.626,9.87,43.6,7.11,165.0,4.34,8.75
2022-11-21,0.5875,9.76,42.35,6.47,160.0,4.15,8.25
2022-11-22,0.615,9.92,43.85,6.45,168.45,4.04,7.96
2022-11-23,0.6489,10.11,44.76,6.32,172.85,4.38,7.78
2022-11-25,0.62,9.96,43.3,6.06,178.72,4.28,7.98
2022-11-28,0.5877,10.09,42.91,5.9,180.15,4.28,8.08
2022-11-29,0.5931,10.4,43.71,6.05,189.2,4.37,7.97
2022-11-30,0.595,10.6,45.82,6.32,197.19,4.66,7.49
2022-12-01,0.58,10.51,43.97,6.25,195.68,4.51,7.57
2022-12-02,0.59,10.73,47.98,7.0,208.5,5.01,7.27
2022-12-05,0.5519,10.61,45.6,6.09,194.6,4.62,7.24
2022-12-06,0.508,10.54,41.88,5.69,192.61,4.35,7.7
2022-12-07,0.49,10.5,41.56,5.42,194.5,4.27,7.76
2022-12-08,0.5219,10.71,41.6,5.37,201.01,4.33,7.6
2022-12-09,0.485,10.65,39.98,4.9,199.0,4.17,7.78
2022-12-12,0.5349,11.23,46.01,5.55,206.45,4.55,7.08
2022-12-13,0.5382,11.24,39.41,4.74,203.0,4.17,7.22
2022-12-14,0.51,10.99,38.95,4.63,197.5,4.03,7.08
2022-12-15,0.47,10.65,37.4,4.17,183.76,3.93,7.77
2022-12-16,0.51,10.41,35.97,3.88,172.31,3.74,7.49
2022-12-19,0.45,10.46,34.75,3.85,170.37,3.79,7.3
2022-12-20,0.45,10.5,35.31,3.9,169.01,3.84,6.95
2022-12-21,0.44,10.45,34.93,3.55,168.3,3.77,6.88
2022-12-22,0.4151,10.47,34.77,3.67,165.54,3.77,7.32
2022-12-23,0.4041,10.49,34.5,3.52,160.0,3.6,7.05
2022-12-27,0.39,10.35,32.58,3.2,147.0,3.38,6.94
2022-12-28,0.4,10.34,33.46,3.18,138.9,3.34,6.85
2022-12-29,0.3973,10.26,33.96,3.28,133.82,3.34,7.0
2022-12-30,0.4359,10.57,36.49,3.55,145.58,3.5,6.77
2023-01-03,0.4401,10.59,34.59,3.5,146.8,3.42,6.71
2023-01-04,0.518,10.61,34.71,4.11,160.54,3.82,6.62
2023-01-05,0.54,10.55,33.67,3.91,152.19,4.12,6.41
2023-01-06,0.6043,10.9,35.19,4.2,170.0,4.5,6.29
2023-01-09,0.6833,10.94,37.76,4.9,174.35,4.84,6.43
2023-01-10,0.73,11.0,41.96,5.7,189.0,5.55,5.94
2023-01-11,0.75,11.52,45.15,5.96,203.61,5.7,5.87
2023-01-12,1.0,12.03,46.24,6.63,206.0,5.93,5.64
2023-01-13,1.25,13.52,53.31,8.44,232.0,6.55,5.5
2023-01-17,1.1,13.62,54.22,8.5,237.0,6.42,5.35
2023-01-18,0.915,13.17,49.21,6.72,216.77,5.65,5.95
2023-01-19,1.09,13.39,50.38,7.55,224.19,5.84,5.7
2023-01-20,1.15,14.51,55.0,8.06,240.95,6.21,5.46
2023-01-23,1.12,14.53,54.2,8.75,247.0,6.35,5.46
2023-01-24,1.05,14.33,51.5,8.27,240.4,5.84,5.33
2023-01-25,1.17,14.71,56.06,9.19,253.03,6.43,5.0
2023-01-26,1.06,14.53,52.94,8.6,240.0,6.05,5.02
2023-01-27,1.09,14.7,60.01,7.8,252.35,6.27,5.05
2023-01-30,1.1,14.62,57.7,7.42,249.0,6.01,5.07
2023-01-31,1.02,14.46,59.08,7.14,251.0,6.24,4.88
2023-02-01,1.18,14.98,68.46,8.02,275.0,7.19,4.51
2023-02-02,1.09,14.59,73.72,7.6,280.0,7.1,5.02
2023-02-03,1.04,14.26,73.18,6.89,274.31,6.7,4.98
2023-02-06,1.1,14.37,73.43,7.12,279.75,6.68,5.12
2023-02-07,1.1,14.41,70.83,6.9,282.43,6.5,4.92
2023-02-08,1.08,14.22,68.49,6.87,276.01,6.57,4.98
2023-02-09,0.9388,13.6,58.26,5.84,246.0,5.65,5.45
2023-02-10,0.9,13.43,55.52,5.76,239.03,5.32,5.31
2023-02-13,0.909,13.46,56.33,5.85,251.02,5.43,5.02
2023-02-14,1.0,14.16,60.21,7.0,275.58,6.0,4.9
2023-02-15,1.14,15.24,65.9,7.7,296.0,6.54,4.91
2023-02-16,1.02,14.91,64.94,7.43,283.29,6.34,5.21
2023-02-17,1.09,15.38,63.32,7.37,286.24,6.53,5.46
2023-02-21,1.03,14.95,62.5,7.02,266.38,6.19,5.7
2023-02-22,1.04,14.98,63.96,7.23,270.95,6.42,5.25
2023-02-23,1.0,14.78,60.88,6.97,261.42,6.17,5.43
2023-02-24,0.9671,14.78,59.94,6.93,263.59,6.04,5.24
2023-02-27,0.94,14.55,59.68,7.03,259.79,6.02,5.13
2023-02-28,0.9279,14.61,65.3,7.18,263.88,6.36,5.01
2023-03-01,0.94,14.36,61.07,6.26,248.99,5.99,5.18
2023-03-02,0.9,13.76,61.64,6.0,240.2,5.94,4.7
2023-03-03,0.9,13.78,64.6,6.37,249.35,6.37,4.52
2023-03-06,0.8934,13.74,62.8,6.29,236.0,6.3,4.46
2023-03-07,0.8441,13.52,61.2,6.01,230.4,6.16,4.63
2023-03-08,0.7987,13.37,62.39,6.03,230.35,6.19,4.42
2023-03-09,0.713,12.27,56.39,5.45,205.75,5.465,5.25
2023-03-10,0.8,13.8,54.71,5.7,202.02,5.46,6.97
2023-03-13,0.945,15.99,65.45,7.41,239.08,6.77,5.65
2023-03-14,0.88,15.47,61.9,7.13,227.0,6.82,6.56
2023-03-15,0.818,15.21,64.4,7.05,225.18,6.73,6.76
2023-03-16,0.92,16.45,70.52,8.42,255.53,7.59,5.86
2023-03-17,0.97,17.39,76.76,8.45,280.43,8.61,6.49
2023-03-20,0.91,17.34,76.24,7.86,268.99,8.47,5.58
2023-03-21,1.04,17.53,84.25,8.87,276.0,9.09,5.2
2023-03-22,0.9499,16.89,61.85,8.01,249.01,8.3,5.25
2023-03-23,0.94,17.21,64.18,8.2,259.14,9.24,6.0
2023-03-24,0.92,17.11,67.2,8.03,259.86,8.73,5.24
2023-03-27,0.86,16.52,62.32,7.01,236.77,7.91,5.12
2023-03-28,0.93,17.43,65.42,7.55,257.78,8.52,4.71
2023-03-29,0.95,17.6,66.53,8.08,287.9,9.4,4.63
2023-03-30,0.9271,17.41,64.7,7.9,283.46,9.23,4.62
2023-03-31,0.97,16.86,66.01,8.54,290.99,9.81,4.65
2023-04-03,0.9765,16.87,64.66,8.6,299.58,9.82,4.51
2023-04-04,0.9425,17.02,62.54,8.54,303.45,9.62,4.63
2023-04-05,0.87,16.66,59.57,7.82,286.51,9.0,4.58
2023-04-06,0.9199,16.86,61.37,7.98,290.0,9.19,4.49
2023-04-10,0.982,18.01,68.09,9.43,321.91,10.99,4.28
2023-04-11,1.04,18.03,70.77,9.93,334.25,12.29,4.16
2023-04-12,1.12,18.12,69.89,10.42,330.42,12.7,4.2
2023-04-13,1.34,18.3,69.3,12.25,342.85,13.82,4.12
2023-04-14,1.12,17.49,67.12,11.0,321.73,12.51,3.95
2023-04-17,1.28,18.05,70.39,12.02,325.0,13.67,3.78
2023-04-18,1.14,17.41,64.36,10.9,319.88,12.6,3.82
2023-04-19,1.13,17.1,63.23,10.4,310.27,11.7,3.87
2023-04-20,1.06,16.75,61.08,9.86,297.34,11.3,3.83
2023-04-21,1.03,16.28,58.96,8.97,291.03,10.48,3.77
2023-04-24,1.05,16.28,55.71,8.75,282.36,10.35,3.82
2023-04-25,1.19,17.73,59.51,10.07,310.5,11.97,4.09
2023-04-26,1.13,17.2,54.67,9.79,306.51,11.2,3.84
2023-04-27,1.2,17.42,53.65,9.88,313.04,11.66,3.73
2023-04-28,1.16,16.53,53.17,9.75,320.0,11.57,3.51
2023-05-01,1.1,16.21,50.2,8.89,310.14,10.65,3.55
2023-05-02,1.14,16.31,50.15,9.15,320.49,11.39,3.74
2023-05-03,1.13,16.7,48.72,9.75,311.15,10.76,4.0
2023-05-04,1.08,16.8,54.05,10.38,313.0,10.82,3.89
2023-05-05,1.1,16.15,55.9,10.0,311.15,10.82,3.63
2023-05-08,1.07,16.03,57.9,9.47,297.51,10.67,3.67
2023-05-09,1.1,16.24,61.45,9.75,313.24,11.83,3.51
2023-05-10,1.08,15.81,62.41,9.85,311.35,11.93,3.6
2023-05-11,1.0,15.27,60.89,8.71,284.9,10.6,3.43
2023-05-12,1.02,15.82,58.4,9.15,280.0,10.93,3.43
2023-05-15,1.04,15.65,58.68,9.13,277.5,10.8,3.4
2023-05-16,1.05,15.45,57.49,9.04,271.49,10.66,3.36
2023-05-17,1.15,15.71,60.47,9.92,289.0,11.29,3.29
2023-05-18,1.21,15.56,60.57,9.52,290.9,11.2,3.08
2023-05-19,1.13,15.48,56.89,9.17,287.78,10.98,3.24
2023-05-22,1.17,15.76,61.0,9.74,299.19,12.39,3.31
2023-05-23,1.12,15.43,57.78,9.14,282.13,11.06,3.46
2023-05-24,1.12,15.19,58.56,9.43,287.91,11.35,3.37
2023-05-25,1.06,15.24,56.86,9.16,279.8,11.11,3.3
2023-05-26,1.18,16.16,60.1,9.44,300.0,11.74,3.02
2023-05-30,1.14,15.66,59.3,9.17,294.01,11.58,3.12
2023-05-31,1.15,15.07,61.8,9.62,298.5,11.75,2.98
2023-06-01,1.24,15.15,65.11,10.32,305.27,12.68,2.68
2023-06-02,1.19,14.97,63.38,9.72,294.47,11.29,2.6193
2023-06-05,1.1,14.28,47.1,8.99,270.0,10.15,2.52
2023-06-06,1.15,15.0,53.29,10.0,298.82,10.8,2.32
2023-06-07,1.15,14.8,52.21,9.61,289.69,10.44,2.35
2023-06-08,1.15,14.99,55.0,9.72,293.5,10.72,2.23
2023-06-09,1.09,14.5,52.53,9.3,279.75,10.24,2.27
2023-06-12,1.16,14.61,51.8,9.5,284.3,10.58,2.24
2023-06-13,1.18,14.56,52.81,9.73,284.11,10.3,2.26
2023-06-14,1.12,13.99,52.71,9.3,274.15,9.8,2.15
2023-06-15,1.14,14.3,55.41,9.48,284.99,10.07,2.25
2023-06-16,1.24,15.05,55.9,10.22,300.0,10.62,2.17
2023-06-20,1.44,16.36,58.9,12.24,324.0,11.66,2.11
2023-06-21,1.43,17.04,58.98,12.25,332.49,11.7,2.1
2023-06-22,1.43,16.96,56.85,11.78,327.0,11.11,20.66
2023-06-23,1.52,17.1,61.1,12.54,324.0,11.48,20.38
2023-06-26,1.42,17.18,63.8,12.18,312.3,11.07,20.0
2023-06-27,1.44,16.92,69.0,12.99,319.91,11.42,19.24
2023-06-28,1.46,17.29,72.03,13.65,335.64,11.87,18.56
2023-06-29,1.43,17.45,73.8,14.4,349.97,12.02,18.63
2023-06-30,1.48,16.48,73.2,14.05,347.0,11.9,18.4
2023-07-03,1.6,16.22,76.9,14.63,369.89,12.82,18.81
2023-07-05,1.63,16.43,78.05,15.75,380.59,13.75,20.09
2023-07-06,1.62,16.24,78.15,15.28,373.59,13.45,20.56
2023-07-07,1.74,16.16,79.08,15.8,381.0,15.72,19.62
2023-07-10,1.92,16.25,80.49,16.79,401.0,16.78,18.8
2023-07-11,1.89,16.42,89.0,17.99,418.7,18.01,18.12
2023-07-12,1.85,16.38,85.35,17.23,418.0,17.87,17.05
2023-07-13,2.09,16.69,106.68,19.12,455.46,20.21,17.67
2023-07-14,1.97,16.18,104.57,18.18,457.0,19.17,17.41
2023-07-17,1.81,15.9,104.5,17.0,449.48,18.1,17.19
2023-07-18,1.82,15.98,107.31,17.19,451.77,18.68,16.63
2023-07-19,1.9,16.14,109.26,17.84,455.21,19.12,17.58
2023-07-20,1.74,15.96,102.57,17.27,441.91,18.75,17.08
2023-07-21,1.66,15.61,99.23,16.2,427.64,17.62,17.03
2023-07-24,1.72,15.53,99.34,16.6,430.94,17.58,16.68
2023-07-25,1.7,15.57,97.37,16.46,436.82,18.02,16.9
2023-07-26,1.82,15.68,102.59,17.3,451.0,19.0,15.52
2023-07-27,1.74,15.57,94.8,16.3,434.0,18.07,16.25
2023-07-28,1.8,15.67,94.75,17.0,440.0,18.63,16.05
2023-07-31,1.78,14.97,95.88,16.82,430.0,18.13,16.5
2023-08-01,1.8,15.24,91.45,16.76,434.98,18.2,17.75
2023-08-02,1.67,15.1,89.0,16.27,400.0,17.76,19.36
2023-08-03,1.63,15.12,89.0,16.73,390.01,17.99,17.41
2023-08-04,1.56,15.03,87.2,15.79,371.03,16.99,18.63
2023-08-07,1.56,15.28,87.09,15.53,380.0,16.81,18.96
2023-08-08,1.65,15.55,88.53,15.84,395.97,17.18,18.11
2023-08-09,1.56,15.34,85.0,15.66,380.32,16.4,17.18
2023-08-10,1.53,15.23,82.06,14.42,378.01,14.84,18.67
2023-08-11,1.57,15.16,80.04,14.65,382.76,15.03,17.43
2023-08-14,1.52,15.21,81.15,14.69,389.04,14.51,17.1
2023-08-15,1.42,15.03,82.51,13.71,373.46,13.42,18.05
2023-08-16,1.33,14.71,78.38,13.1,361.6,12.71,18.16
2023-08-17,1.24,13.53,72.34,11.5,331.49,11.14,20.76
2023-08-18,1.34,13.41,73.25,11.38,330.29,11.12,18.86
2023-08-21,1.29,13.4,76.69,11.21,341.48,10.92,17.76
2023-08-22,1.28,13.3,74.35,10.92,330.0,10.53,18.11
2023-08-23,1.43,13.55,77.76,11.71,348.92,11.06,17.13
2023-08-24,1.27,13.47,74.32,10.68,339.68,10.46,18.25
2023-08-25,1.25,13.4,74.57,10.62,339.36,10.48,16.85
2023-08-28,1.25,13.36,73.5,10.6,342.23,10.39,16.28
2023-08-29,1.42,14.1,83.56,13.34,375.1,12.02,15.48
2023-08-30,1.43,13.95,84.43,13.56,375.1,12.06,14.95
2023-08-31,1.35,13.35,80.0,12.57,357.54,11.39,14.16
2023-09-01,1.28,13.21,78.0,11.85,351.48,10.9,14.31
2023-09-05,1.26,13.18,77.38,11.87,349.5,10.98,14.47
2023-09-06,1.24,13.15,76.27,11.89,346.5,11.01,15.45
2023-09-07,1.27,13.28,81.64,11.85,353.34,11.3,14.62
2023-09-08,1.2,13.19,82.0,10.565,355.0,10.85,13.88
2023-09-11,1.16,13.4,82.02,10.5,355.0,10.68,14.0
2023-09-12,1.16,13.42,81.89,10.06,347.3,10.59,13.72
2023-09-13,1.17,13.7,81.67,10.15,350.0,10.6,13.22
2023-09-14,1.15,13.56,82.74,9.9,346.4,10.98,13.01
2023-09-15,1.24,14.02,83.8,10.32,351.25,11.37,13.88
2023-09-18,1.16,13.96,82.15,9.69,344.11,11.02,13.48
2023-09-19,1.11,13.88,78.62,9.57,343.5,10.43,13.0
2023-09-20,1.1,13.63,74.38,8.825,325.8,9.7,15.1
2023-09-21,1.12,13.67,75.49,9.17,324.75,9.65,15.62
2023-09-22,1.02,13.41,69.91,8.49,319.5,9.0,16.46
2023-09-25,1.05,13.41,71.74,8.46,324.0,9.12,16.38
2023-09-26,1.06,13.72,72.72,8.37,322.62,9.3,17.27
2023-09-27,1.02,13.6,72.59,8.06,319.8,9.06,16.94
2023-09-28,1.13,13.83,76.75,8.64,332.72,9.54,14.85
2023-09-29,1.18,14.5,78.55,9.2,346.57,10.14,16.26
2023-10-02,1.08,14.01,74.34,8.31,323.9,9.65,16.94
2023-10-03,1.02,14.0,73.2,7.47,314.85,9.01,18.07
2023-10-04,1.01,14.3,73.53,7.57,323.79,9.16,17.12
2023-10-05,0.9957,13.96,72.47,7.2,320.0,8.78,17.6
2023-10-06,1.04,14.0,76.54,7.61,331.53,9.51,17.36
2023-10-09,1.06,13.97,79.0,8.26,341.24,10.13,15.84
2023-10-10,1.05,13.81,79.27,8.18,338.6,9.96,15.03
2023-10-11,1.01,13.6,77.04,7.87,335.0,9.32,14.65
2023-10-12,0.9557,13.68,75.0,8.07,327.62,9.25,15.29
2023-10-13,1.03,14.94,77.61,8.5,338.0,10.0,17.04
2023-10-16,1.05,14.41,74.8,8.0,321.34,9.25,16.42
2023-10-17,1.05,14.45,76.88,8.39,335.89,9.57,16.71
2023-10-18,0.99,14.54,74.28,8.0,330.72,8.96,17.31
2023-10-19,1.05,15.06,74.64,7.95,353.65,9.1,19.02
2023-10-20,1.06,15.6,75.5,8.1,355.35,9.12,19.73
2023-10-23,1.22,17.56,83.29,9.89,408.39,10.8,17.52
2023-10-24,1.21,17.59,83.51,9.75,434.79,10.88,17.12
2023-10-25,1.15,17.48,77.2,9.2,420.0,10.25,18.66
2023-10-26,1.13,17.37,76.45,9.15,420.0,10.02,18.27
2023-10-27,1.13,17.59,72.05,9.2,423.0,9.86,18.69
2023-10-30,1.08,17.45,73.6,8.71,416.5,9.56,17.43
2023-10-31,1.06,17.59,77.42,9.0,429.62,10.0,15.68
2023-11-01,1.15,17.75,81.71,9.3,440.48,10.55,14.38
2023-11-02,1.16,17.36,83.79,9.62,444.98,11.02,13.74
2023-11-03,1.21,17.73,86.82,9.65,463.98,11.63,13.4
2023-11-06,1.11,17.55,86.2,9.16,454.0,10.91,12.89
2023-11-07,1.15,17.84,88.8,9.03,469.08,10.8,12.62
2023-11-08,1.2,18.95,92.9,9.69,498.29,11.1,12.26
2023-11-09,1.2,18.68,94.4,9.4,504.0,10.3,12.87
2023-11-10,1.22,18.57,91.78,9.41,502.0,10.12,12.51
2023-11-13,1.14,18.42,94.91,9.4,506.7,10.0,11.54
2023-11-14,1.17,18.22,93.92,9.34,486.34,9.89,11.76
2023-11-15,1.26,18.43,97.68,9.85,494.0,10.23,11.66
2023-11-16,1.23,18.29,97.0,9.78,492.65,10.24,11.31
2023-11-17,1.21,18.69,100.71,10.2,492.01,10.59,11.02
2023-11-20,1.16,18.63,104.0,10.35,497.99,11.05,11.08
2023-11-21,1.15,18.35,106.17,10.32,494.0,11.27,10.44
2023-11-22,1.05,18.95,108.45,11.07,510.0,11.65,10.68
2023-11-24,1.05,18.38,112.58,10.94,505.75,11.5,10.23
2023-11-27,1.23,18.77,122.05,11.66,505.12,12.14,10.14
2023-11-28,1.45,19.09,127.82,12.42,507.98,12.88,9.87
2023-11-29,1.49,18.87,126.06,12.31,498.0,13.03,10.12
2023-11-30,1.46,19.06,126.39,12.2,503.53,12.73,9.91
2023-12-01,1.94,20.66,143.53,15.35,567.0,15.15,10.15
2023-12-04,1.75,20.94,140.0,14.82,566.0,15.01,10.04
2023-12-05,2.05,21.95,142.5,15.65,585.12,15.4,9.67
2023-12-06,1.85,21.57,131.02,14.9,557.2,14.27,9.88
2023-12-07,2.17,21.63,136.19,15.6,573.48,15.04,9.82
2023-12-08,2.35,20.69,141.5,15.68,574.0,14.84,9.45
2023-12-11,2.4,20.68,139.89,14.75,560.0,14.19,9.01
2023-12-12,2.53,20.51,139.62,14.74,557.59,14.0,8.72
2023-12-13,3.06,21.06,152.1,16.74,588.0,15.2,8.45
2023-12-14,2.76,20.87,151.81,17.35,575.0,15.51,8.62
2023-12-15,2.93,20.53,144.81,17.69,561.1,15.17,8.95
2023-12-18,3.0,21.1,155.5,20.62,583.5,17.03,9.1
2023-12-19,2.93,21.69,164.73,23.59,589.77,17.5,9.14
2023-12-20,2.81,21.55,166.71,23.25,588.1,16.92,9.81
2023-12-21,2.88,21.27,169.77,25.5,581.96,16.76,9.62
2023-12-22,2.91,20.9,174.8,26.18,609.49,17.43,9.29
2023-12-26,3.38,21.01,176.32,28.24,613.8,17.9,8.88
2023-12-27,3.4,20.95,179.31,29.0,655.5,18.24,8.37
2023-12-28,3.37,20.96,186.06,28.97,674.83,17.89,8.37
2023-12-29,3.32,22.45,173.02,26.64,692.49,17.07,8.75
2024-01-02,2.6,20.46,146.0,20.64,643.22,14.0,8.64
2024-01-03,2.82,21.06,152.5,24.16,638.6,15.31,8.89
2024-01-04,2.87,21.28,152.67,25.49,648.71,15.54,8.74
2024-01-05,2.76,21.91,157.8,24.77,637.6,15.08,8.42
2024-01-08,2.96,22.74,159.6,25.5,600.0,15.87,8.25
2024-01-09,2.8,21.98,149.21,24.79,566.68,15.2,7.75
2024-01-10,3.25,23.15,159.19,27.3,598.99,16.6,7.55
2024-01-11,2.5,22.11,137.19,21.5,525.02,12.69,7.62
2024-01-12,2.35,20.67,129.44,18.63,478.0,11.505,8.13
2024-01-16,2.2,20.53,130.51,17.5,474.23,11.0,8.63
2024-01-17,2.33,20.53,133.25,17.18,500.0,10.91,8.37
2024-01-18,2.05,19.81,124.34,16.0,484.5,10.33,8.01
2024-01-19,2.0,19.56,124.05,15.5,468.0,10.03,7.79
2024-01-22,2.04,18.73,122.41,15.7,450.0,10.24,7.41
2024-01-23,2.1,19.29,127.28,16.55,460.0,10.63,7.1
2024-01-24,2.04,19.3,122.38,15.76,452.32,10.11,7.48
2024-01-25,2.21,19.85,127.52,17.2,470.0,11.2,7.59
2024-01-26,2.4,20.23,127.09,17.97,500.0,11.41,7.57
2024-01-29,2.42,20.92,136.05,18.44,516.98,11.55,7.57
2024-01-30,2.23,20.6,129.09,17.48,508.0,11.06,7.49
2024-01-31,2.27,20.08,128.75,17.76,501.8,10.9,7.87
2024-02-01,2.27,20.24,126.9,17.92,497.25,11.0,7.86
2024-02-02,2.24,20.53,128.7,18.05,502.0,11.21,7.79
2024-02-05,2.13,20.33,118.61,16.66,493.3,10.41,7.34
2024-02-06,2.24,20.43,119.68,16.85,499.47,10.74,7.08
2024-02-07,2.41,21.35,127.22,18.66,530.0,11.82,7.1
2024-02-08,2.7,22.26,142.16,23.67,627.4,14.0,7.01
2024-02-09,2.75,22.86,141.1,23.6,651.99,14.55,7.1
2024-02-12,2.8,23.24,138.39,24.5,675.0,14.46,7.74
2024-02-13,3.32,24.53,151.83,28.92,746.0,17.0,7.69
2024-02-14,3.62,24.89,168.79,29.99,792.44,17.9,7.39
2024-02-15,3.54,24.81,189.05,28.07,735.0,16.65,7.51
2024-02-16,3.66,24.77,179.87,26.93,710.79,16.53,7.56
2024-02-20,3.24,24.12,164.25,22.92,684.3,15.19,7.83
2024-02-21,3.25,24.15,164.85,23.21,683.7,15.2,7.2
2024-02-22,3.12,24.19,167.38,23.63,699.01,15.14,7.25
2024-02-23,3.04,24.29,168.66,24.41,687.94,14.9,6.96
2024-02-26,3.9,26.87,205.18,31.72,866.1,18.08,6.81
2024-02-27,3.77,28.4,209.41,32.3,952.0,17.42,6.8
2024-02-28,3.29,29.89,206.46,29.78,995.87,15.68,6.72
2024-02-29,2.89,28.72,202.7,26.74,996.0,14.29,6.67
2024-03-01,3.0,30.04,217.39,27.8,1200.0,14.83,6.75
2024-03-04,2.56,31.1,230.0,24.72,1240.56,13.0,6.86
2024-03-05,2.57,30.7,229.2,23.46,1140.0,13.0,6.89
2024-03-06,2.52,30.98,240.0,22.04,1281.0,12.04,6.97
2024-03-07,2.56,31.39,246.0,22.05,1326.0,12.03,7.0
2024-03-08,2.64,33.26,270.08,24.65,1550.0,12.83,7.5
2024-03-11,2.4,33.19,257.83,20.89,1543.0,11.85,7.07
2024-03-12,2.34,33.41,253.36,20.1,1660.0,11.67,6.755
2024-03-13,2.32,33.31,245.0,19.19,1708.01,11.5,6.68
2024-03-14,2.16,31.15,225.06,17.76,1600.01,10.74,7.15
2024-03-15,2.26,31.15,238.61,18.97,1707.3,11.45,7.04
2024-03-18,2.14,29.18,223.24,18.38,1326.07,11.0,6.97
2024-03-19,2.23,29.02,231.38,19.56,1423.01,11.75,6.67
2024-03-20,2.53,30.95,260.24,22.38,1594.12,12.39,6.28
2024-03-21,2.4,29.31,254.24,21.17,1520.0,11.75,6.4
2024-03-22,2.3,30.6,261.0,21.25,1605.0,11.6,6.39
2024-03-25,2.3,32.25,280.12,20.77,1882.43,12.47,6.23
2024-03-26,2.22,32.72,276.22,20.98,1953.0,12.35,6.16
2024-03-27,2.17,32.5,260.21,22.44,1943.0,12.4,6.13
2024-03-28,2.29,30.75,261.87,22.0,1645.01,12.0,6.28
2024-04-01,2.2,28.43,238.1,20.42,1492.0,10.9,6.71
2024-04-02,2.19,28.84,244.04,19.66,1580.01,10.62,6.79
2024-04-03,2.25,29.53,260.15,19.99,1687.0,10.56,6.4
2024-04-04,2.13,29.31,244.91,18.1,1570.0,10.0,7.15
2024-04-05,2.18,31.69,252.86,19.4,1602.1,10.59,7.0
2024-04-08,2.01,30.96,253.23,17.83,1478.1,9.9,6.73
2024-04-09,1.91,29.62,238.24,17.3,1392.59,9.75,6.99
2024-04-10,1.97,31.06,250.99,17.28,1543.0,9.76,34.69
2024-04-11,1.87,30.74,259.42,17.4,1535.0,9.68,35.88
2024-04-12,1.78,29.02,247.94,16.16,1470.0,9.0,36.07
2024-04-15,1.7,27.68,223.0,14.8,1306.02,8.39,40.73
2024-04-16,1.75,27.27,222.04,14.53,1258.0,8.12,38.68
2024-04-17,1.95,28.3,223.83,15.16,1237.0,8.55,39.16
2024-04-19,1.98,28.84,216.79,17.15,1209.0,9.74,38.12
2024-04-22,2.03,28.9,223.62,17.31,1311.0,11.11,34.66
2024-04-23,2.12,28.78,236.83,19.09,1327.01,11.75,33.49
2024-04-24,1.96,27.52,216.05,17.95,1226.0,11.15,36.01
2024-04-25,2.0,27.77,220.77,19.03,1225.0,11.92,32.78
2024-04-26,1.9,27.19,229.94,18.47,1250.0,11.36,32.19
2024-04-29,1.84,26.54,214.35,17.18,1199.01,10.65,32.01
2024-04-30,1.76,23.41,199.0,15.8,1015.53,9.8,33.77
2024-05-01,1.83,23.85,216.48,16.6,1055.0,10.19,32.43
2024-05-02,1.85,24.88,230.9,17.83,1201.01,10.65,30.19
2024-05-03,1.87,25.81,225.84,18.4,1280.0,10.63,29.5
2024-05-06,1.91,25.86,226.94,20.09,1278.2,10.62,28.87
2024-05-07,1.8,25.16,209.5,19.55,1198.39,9.95,28.94
2024-05-08,1.81,24.87,210.22,19.7,1230.0,10.11,28.4
2024-05-09,1.87,25.5,214.5,19.77,1289.99,10.3,28.2
2024-05-10,1.61,25.54,204.0,17.7,1217.94,9.51,27.56
2024-05-13,1.57,25.16,195.96,16.85,1226.48,9.31,28.13
2024-05-14,1.7,26.11,212.21,18.88,1378.0,10.15,26.56
2024-05-15,1.75,26.84,215.0,19.85,1494.1,10.18,25.885
2024-05-16,1.77,26.94,205.66,20.22,1500.98,10.2,25.76
2024-05-17,1.78,27.2,207.96,19.68,1597.0,10.15,25.2
2024-05-20,1.83,28.84,231.97,22.23,1730.0,11.0,25.37
2024-05-21,1.87,28.32,225.01,21.5,1663.0,10.61,24.76
2024-05-22,2.08,28.11,233.81,21.5,1669.21,10.94,24.64
2024-05-23,1.99,27.38,221.0,20.3,1540.0,10.05,25.72
2024-05-24,2.19,27.73,235.45,21.16,1650.0,10.42,24.69
2024-05-28,2.23,27.49,239.02,20.4,1650.0,10.25,27.28
2024-05-29,2.19,27.65,241.1,20.44,1653.0,10.1,27.17
2024-05-30,2.28,27.8,239.28,20.34,1597.0,10.24,26.25
2024-05-31,2.27,26.44,232.5,20.21,1600.0,10.03,25.24
2024-06-03,2.32,26.26,230.23,19.6,1617.42,9.67,26.13
2024-06-04,2.45,26.91,246.86,20.89,1675.0,9.81,25.25
2024-06-05,2.52,26.91,250.0,20.93,1698.59,9.45,24.74
2024-06-06,2.47,27.04,256.19,20.74,1671.02,10.18,24.68
2024-06-07,2.3,26.15,241.11,19.11,1575.01,9.65,24.87
2024-06-10,2.2,25.34,242.93,18.83,1542.0,9.65,24.75
2024-06-11,2.34,26.16,251.8,20.3,1620.0,10.36,23.49
2024-06-12,2.56,25.7,253.77,20.28,1563.3,10.61,23.54
2024-06-13,2.95,25.41,246.16,19.98,1505.0,10.95,24.4
2024-06-14,2.87,24.76,239.87,19.09,1499.8,10.4,24.61
2024-06-17,3.01,24.43,238.25,19.5,1457.93,10.49,24.08
2024-06-18,3.17,24.61,237.36,20.75,1482.11,10.99,24.24
2024-06-20,2.95,23.95,227.0,19.9,1420.0,10.1,25.68
2024-06-21,2.73,23.0,217.22,18.47,1398.0,9.2,24.98
2024-06-24,2.73,23.07,217.0,18.95,1413.77,9.35,24.46
2024-06-25,2.74,23.16,220.0,19.09,1472.29,9.12,23.87
2024-06-26,2.67,23.15,217.6,19.67,1485.0,9.23,23.41
2024-06-27,2.59,23.09,223.95,19.85,1516.42,9.17,23.12
2024-06-28,2.68,22.1,226.0,20.33,1410.0,9.36,23.11
2024-07-01,2.72,22.03,231.34,22.5,1365.51,9.94,22.36
2024-07-02,2.46,21.09,223.81,21.5,1298.0,9.41,21.8
2024-07-03,2.3,19.43,213.48,19.68,1215.5,9.16,21.82
2024-07-05,2.74,20.03,226.51,20.58,1314.53,9.77,21.68
2024-07-08,2.7,20.04,223.55,19.71,1313.88,9.45,21.43
2024-07-09,2.51,20.3,221.64,19.21,1319.7,9.21,21.54
2024-07-10,2.5,20.6,224.37,19.5,1396.0,9.49,21.09
2024-07-11,2.45,20.18,215.34,19.22,1339.2,9.38,21.08
2024-07-12,2.69,22.02,229.38,21.91,1518.1,10.33,20.84
2024-07-15,2.84,22.39,243.19,24.25,1615.0,11.45,21.39
2024-07-16,2.92,22.7,245.9,25.78,1611.0,12.35,22.69
2024-07-17,3.03,22.7,251.21,26.0,1633.9,12.75,22.17
2024-07-18,2.71,22.45,235.1,23.71,1573.4,11.17,24.42
2024-07-19,2.86,23.65,260.47,25.0,1784.02,12.25,24.77
2024-07-22,2.82,23.29,263.6,23.5,1763.99,12.06,23.41
2024-07-23,2.7,23.34,261.0,22.03,1750.0,11.77,24.3
2024-07-24,2.6,22.47,239.26,20.19,1616.5,10.96,27.25
2024-07-25,2.67,23.57,243.34,21.6,1700.0,11.35,26.95
2024-07-26,2.78,24.32,251.55,22.5,1819.99,11.62,25.51
2024-07-29,2.55,23.2,235.62,20.6,1687.99,10.69,24.95
2024-07-30,2.55,23.1,233.0,20.26,1647.0,10.6,25.23
2024-07-31,2.61,21.04,226.6,19.68,1615.0,10.1,25.23
2024-08-01,2.39,21.12,213.12,17.67,1485.81,9.27,32.11
2024-08-02,1.67,16.18,162.01,13.95,1044.97,7.38,64.99
2024-08-05,2.07,17.95,191.99,17.38,1326.0,8.5,51.38
2024-08-06,2.1,18.64,196.8,17.75,1408.78,8.61,36.02
2024-08-07,1.98,18.83,185.67,16.55,130.23,8.02,40.425
2024-08-08,2.28,19.67,191.29,17.42,135.9,8.26,37.21
2024-08-09,2.24,19.37,194.3,16.05,133.49,7.85,29.98
2024-08-12,2.2,19.16,193.13,15.0,132.28,7.61,28.86
2024-08-13,2.3,19.76,200.9,15.74,135.91,7.97,25.68
2024-08-14,2.23,19.23,198.52,15.2,132.7,7.72,22.89
2024-08-15,2.27,19.08,199.0,15.54,132.7,7.68,23.02
2024-08-16,2.37,19.1,203.34,16.43,133.65,8.01,22.4
2024-08-19,2.43,19.68,209.1,16.87,139.98,8.2,22.07
2024-08-20,2.18,19.35,197.16,16.55,134.34,8.08,22.97
2024-08-21,2.39,19.77,204.78,17.54,141.2,8.34,23.26
2024-08-22,2.27,19.85,200.97,17.13,137.4,8.08,24.12
2024-08-23,2.44,20.75,209.3,18.45,148.04,8.51,22.63
2024-08-26,2.32,20.25,201.84,18.09,144.09,8.25,23.3
2024-08-27,2.22,19.41,195.02,17.24,138.11,7.81,22.2
2024-08-28,2.2,19.54,194.0,17.58,136.88,7.79,22.87
2024-08-29,2.17,19.3,189.22,17.2,134.0,7.73,22.17
2024-08-30,2.15,17.94,182.0,16.5,132.29,7.48,22.5
2024-09-03,1.9,17.11,166.5,14.93,120.2,6.69,29.43
2024-09-04,1.91,17.15,161.62,14.86,121.69,6.78,28.65
2024-09-05,1.92,17.21,163.24,14.3,123.01,6.77,26.51
2024-09-06,1.83,16.82,151.27,13.83,119.12,6.58,29.33
2024-09-09,1.97,17.27,155.01,14.79,123.05,6.81,26.93
2024-09-10,1.98,17.22,153.56,15.45,124.75,7.0,26.02
2024-09-11,1.99,17.49,158.61,15.84,129.2,7.14,25.31
2024-09-12,2.04,17.5,162.24,15.85,131.13,7.07,24.82
2024-09-13,1.98,17.73,158.5,15.7,137.02,7.0,24.66
2024-09-16,2.01,17.97,164.14,16.23,138.38,7.09,24.73
2024-09-17,2.04,18.14,161.54,15.83,130.44,7.08,25.43
2024-09-18,2.08,19.17,172.0,16.4,140.28,7.56,23.85
2024-09-19,2.03,19.06,168.99,15.45,144.01,7.22,23.89
2024-09-20,2.02,19.18,171.3,15.52,147.57,7.19,23.17
2024-09-23,2.07,19.23,170.38,16.13,149.98,7.36,23.39
2024-09-24,2.19,19.24,170.3,16.36,152.3,7.53,23.84
2024-09-25,2.18,19.51,170.61,16.7,157.63,7.7,23.87
2024-09-26,2.27,19.88,183.07,17.86,170.0,8.0,24.12
2024-09-27,2.17,19.34,184.19,16.6,168.48,7.55,26.0
2024-09-30,2.1,18.06,178.72,16.1,168.61,7.39,24.98
2024-10-01,1.95,17.34,163.03,15.02,160.9,7.08,27.93
2024-10-02,1.95,17.24,162.83,15.0,163.0,7.19,28.22
2024-10-03,2.04,17.52,167.96,15.81,166.72,7.58,28.06
2024-10-04,2.02,17.97,172.0,16.47,180.0,8.04,28.17
2024-10-07,1.91,17.82,166.36,15.69,186.09,7.98,29.5
2024-10-08,1.86,17.61,167.69,15.76,189.86,8.14,28.92
2024-10-09,1.78,17.38,166.05,15.37,191.76,7.77,28.34
2024-10-10,1.78,17.48,165.54,15.42,188.5,7.75,28.8
2024-10-11,1.95,18.44,181.19,16.77,224.5,8.66,27.61
2024-10-14,1.87,18.77,195.68,16.95,206.75,8.7,25.98
2024-10-15,1.88,19.33,203.53,17.5,200.0,8.99,27.85
2024-10-16,1.88,19.07,209.2,17.92,192.59,8.92,27.17
2024-10-17,1.87,19.29,208.05,18.4,197.26,9.39,26.61
2024-10-18,2.04,19.32,215.4,18.65,214.6,9.75,26.23
2024-10-21,2.13,19.09,209.45,18.37,216.49,9.54,26.57
2024-10-22,2.07,18.91,206.3,18.61,215.0,9.78,26.37
2024-10-23,2.02,19.19,206.87,18.5,219.98,10.0,26.94
2024-10-24,2.01,19.33,208.3,18.26,236.25,10.19,26.67
2024-10-25,1.98,19.6,213.35,17.77,244.75,10.02,27.2
2024-10-28,2.25,20.26,220.91,19.39,264.0,10.85,27.08
2024-10-29,2.19,20.45,213.1,18.35,246.21,10.57,27.18
2024-10-30,2.07,20.48,203.73,18.09,251.45,9.98,28.82
2024-10-31,1.91,18.91,180.0,16.94,245.88,9.43,29.72
2024-11-01,1.82,18.46,180.09,15.83,226.4,9.16,29.68
2024-11-04,1.78,18.68,185.59,15.96,233.5,9.16,27.58
2024-11-05,2.01,20.05,221.48,17.6,261.0,10.74,22.0
2024-11-06,2.11,20.24,245.63,18.9,256.8,11.84,21.61
2024-11-07,2.24,20.57,257.67,19.11,275.5,12.33,21.11
2024-11-08,2.5,22.09,300.31,22.23,296.77,14.03,20.58
2024-11-11,2.55,23.26,310.05,24.06,334.0,14.07,20.95
2024-11-12,2.69,24.25,325.01,24.37,366.31,14.15,20.52
2024-11-13,2.35,24.59,290.81,22.55,342.05,12.84,19.85
2024-11-14,2.2,24.05,282.51,21.3,336.3,12.23,20.43
2024-11-15,2.22,24.34,301.83,19.8,346.03,12.25,21.84
2024-11-18,2.13,24.69,322.08,18.3,389.44,12.11,22.72
2024-11-19,2.3,25.49,332.25,20.7,463.0,12.67,21.96
2024-11-20,2.27,26.2,329.95,25.06,535.6,12.8,22.1
2024-11-21,2.04,26.28,294.89,23.64,403.75,11.5,22.61
2024-11-22,2.13,26.16,309.0,27.06,439.0,12.47,20.48
2024-11-25,1.98,24.77,298.26,25.1,382.04,11.55,20.29
2024-11-26,2.01,25.44,302.78,26.0,384.71,11.44,20.04
2024-11-27,2.17,26.2,311.95,27.51,405.0,12.59,19.55
2024-11-29,2.13,24.78,302.03,26.81,393.96,12.6,19.26
2024-12-02,2.0,24.29,296.78,24.5,367.7,11.73,19.3
2024-12-03,2.04,24.74,312.0,25.01,380.02,12.09,18.56
2024-12-04,2.26,26.57,343.36,27.1,441.0,13.77,19.21
2024-12-05,2.12,25.59,328.56,25.5,395.5,12.52,18.61
2024-12-06,2.23,25.51,339.91,25.58,394.3,12.02,18.64
2024-12-09,2.12,25.24,318.03,24.37,373.64,11.5,19.08
2024-12-10,2.08,25.39,311.85,23.5,385.81,11.3,18.52
2024-12-11,2.1,26.1,317.76,23.8,413.3,12.88,19.01
2024-12-12,2.0,25.84,316.0,22.83,400.38,12.5,18.75
2024-12-13,1.99,26.82,316.9,23.5,424.35,13.24,18.96
2024-12-16,2.15,27.73,319.83,25.4,412.73,14.46,20.0
2024-12-17,2.03,26.86,308.0,24.06,385.0,13.7,20.03
2024-12-18,1.9,26.27,290.64,22.57,365.44,12.71,23.3
2024-12-19,1.62,24.41,266.13,19.88,317.65,10.9,28.37
2024-12-20,1.68,23.36,274.52,20.0,357.0,11.37,21.84
2024-12-23,1.63,23.71,273.22,19.81,344.24,11.3,19.7
2024-12-24,1.7,23.37,275.58,19.87,350.37,11.45,18.95
2024-12-26,1.66,23.54,274.2,19.4,341.51,11.55,19.15
2024-12-27,1.6,22.62,259.98,18.1,320.0,10.73,21.7
2024-12-30,1.59,23.35,262.97,17.83,316.5,10.75,20.01
2024-12-31,1.56,23.56,256.48,17.45,300.55,10.5,20.26
2025-01-02,1.6,23.67,259.89,17.25,303.2,10.56,20.87
2025-01-03,1.76,24.14,279.07,20.0,349.52,12.58,19.49
2025-01-06,1.73,24.58,286.74,20.05,365.0,12.6,19.2
2025-01-07,1.65,23.21,263.88,18.56,335.58,11.97,21.56
2025-01-08,1.6,23.0,257.77,18.0,330.0,11.75,22.26
2025-01-10,1.53,22.11,246.98,17.0,309.65,11.33,24.31
2025-01-13,1.62,23.54,261.73,17.9,342.49,12.23,21.81
2025-01-14,1.64,24.0,266.87,18.14,357.2,12.69,20.1
2025-01-15,1.65,24.19,274.0,18.01,358.59,13.3,19.07
2025-01-16,1.72,25.03,292.0,19.21,383.99,13.92,18.66
2025-01-17,1.72,25.56,298.52,20.21,395.0,13.95,18.71
2025-01-21,1.61,25.41,290.46,19.24,384.41,12.96,18.04
2025-01-22,1.63,24.87,289.74,19.23,371.97,12.83,18.47
2025-01-23,1.63,25.6,300.0,20.2,377.17,13.28,17.86
2025-01-24,1.56,24.44,283.7,18.79,340.0,12.57,21.11
2025-01-27,1.43,24.9,280.5,18.46,344.42,11.65,19.29
2025-01-28,1.4,24.79,281.82,18.24,338.38,10.83,18.57
2025-01-29,1.45,25.47,293.71,18.73,345.83,11.47,18.17
2025-01-30,1.5,25.39,300.86,19.15,339.88,11.99,18.12
2025-01-31,1.33,22.08,272.98,16.92,310.13,10.87,21.4
2025-02-03,1.39,23.11,283.0,17.65,340.54,11.81,19.57
2025-02-04,1.46,23.0,283.61,17.84,348.99,12.39,19.14
2025-02-05,1.41,22.89,279.52,17.25,338.7,11.76,18.25
2025-02-06,1.46,23.24,274.05,17.33,335.4,11.96,18.13
2025-02-07,1.42,22.75,280.4,17.01,333.33,11.73,18.66
2025-02-10,1.38,22.54,277.55,16.58,332.24,11.58,18.74
2025-02-11,1.28,22.02,264.39,15.9,315.6,10.98,19.18
2025-02-12,1.36,22.3,284.0,16.15,325.85,11.16,18.36
2025-02-13,1.4,22.47,288.02,17.0,325.0,12.13,17.97
2025-02-14,1.41,22.4,278.8,16.68,337.0,12.15,17.72
2025-02-18,1.41,22.39,265.76,16.17,337.3,11.62,17.98
2025-02-19,1.42,22.72,260.66,16.02,323.45,11.77,17.42
2025-02-20,1.4,23.01,266.99,16.26,327.93,11.88,17.6
2025-02-21,1.3,22.13,239.14,14.53,304.01,10.61,18.88
2025-02-24,1.19,20.65,219.97,13.23,267.6,9.4,19.81
2025-02-25,1.12,19.86,212.63,12.26,246.2,9.24,19.5
2025-02-26,1.15,20.0,218.13,14.24,266.71,9.5,18.85
2025-02-27,1.07,18.98,205.27,13.0,238.13,8.6,21.09
2025-02-28,1.28,20.81,232.23,15.31,293.6,9.99,19.68
2025-03-03,1.09,18.47,200.52,13.26,240.61,8.61,24.16
2025-03-04,1.12,20.04,214.89,14.25,278.16,8.64,23.29
2025-03-05,1.13,20.06,214.51,14.86,298.1,8.32,24.04
2025-03-06,1.11,19.89,214.89,14.9,298.27,8.05,25.5
2025-03-07,1.17,18.42,205.08,15.28,267.19,7.92,25.9
2025-03-10,1.11,18.16,186.0,13.51,245.0,7.63,27.89
2025-03-11,1.14,18.58,195.4,13.51,264.4,7.86,26.11
2025-03-12,1.13,18.47,188.62,13.24,262.55,7.85,25.78
2025-03-13,1.11,18.59,183.81,12.5,274.0,7.54,26.06
2025-03-14,1.11,18.46,182.0,13.1,291.2,7.68,23.38
2025-03-17,1.08,18.34,185.0,12.61,282.58,7.6,22.58
2025-03-18,1.02,18.7,184.83,12.29,290.3,7.43,22.95
2025-03-19,1.06,18.96,185.89,12.36,297.5,7.71,22.74
2025-03-20,1.02,18.64,185.57,12.22,295.7,7.62,22.33
2025-03-21,1.03,19.42,197.5,12.84,316.14,8.2,20.32
2025-03-24,1.1,19.49,202.13,14.53,333.07,8.76,19.28
2025-03-25,1.03,19.49,203.0,14.13,336.13,8.44,19.32
2025-03-26,0.9795,19.2,192.97,13.47,323.0,7.75,20.91
2025-03-27,0.9143,18.95,185.72,13.37,318.32,7.61,21.24
2025-03-28,0.8041,18.33,169.38,11.96,282.4,7.12,25.49
2025-03-31,0.7924,18.22,172.82,11.65,292.87,7.2,23.95
2025-04-01,0.7682,18.45,170.57,11.53,297.86,7.33,24.91
2025-04-02,0.78,17.84,168.58,11.27,286.75,7.3,27.58
2025-04-03,0.77,17.98,166.02,10.94,284.94,7.08,36.49
2025-04-04,0.7,16.71,146.04,10.1,259.01,6.5,46.51
2025-04-07,0.8071,17.44,165.2,11.87,278.01,7.42,34.5
2025-04-08,0.6902,16.68,150.08,10.45,242.37,6.52,50.3
2025-04-09,0.807,17.78,168.5,11.72,282.61,7.1,36.42
2025-04-10,0.78,17.87,171.3,11.91,280.22,6.85,43.68
2025-04-11,0.81,18.47,180.5,12.87,309.75,7.33,35.0
2025-04-14,0.81,18.69,177.74,13.07,312.6,6.99,33.37
2025-04-15,0.7663,18.22,170.5,12.3,305.89,6.4,35.0
2025-04-16,0.819,18.42,172.6,12.27,313.0,6.35,35.65
2025-04-17,0.835,19.0,175.1,12.88,324.94,6.49,36.32
2025-04-21,0.865,19.51,178.79,12.73,328.69,6.47,36.73
2025-04-22,0.9999,20.47,197.75,14.57,355.0,7.43,32.36
2025-04-23,0.98,20.18,193.42,13.89,345.36,7.44,32.68
2025-04-24,1.02,20.53,205.57,14.33,353.4,7.9,31.24
2025-04-25,1.05,20.69,208.2,14.4,372.51,7.81,29.0
2025-04-28,1.0,20.63,205.3,14.03,369.42,7.59,30.09
2025-04-29,0.965,20.55,199.67,13.8,373.5,7.2,30.75
2025-04-30,1.02,20.46,208.46,13.9,391.51,7.5,29.01
2025-05-01,1.03,20.5,204.7,14.09,393.64,7.89,28.64
2025-05-02,1.0,19.88,201.73,13.95,383.69,8.15,28.48
2025-05-05,0.9376,19.77,195.38,12.69,378.0,7.7,29.63
2025-05-06,0.9754,20.43,199.83,13.3,393.52,8.0,29.58
2025-05-07,1.04,21.0,205.31,13.96,407.59,8.19,28.18
2025-05-08,1.06,21.74,204.52,14.14,419.44,8.5,27.09
2025-05-09,1.14,21.95,208.94,16.47,420.79,9.02,23.88
2025-05-12,1.1,21.91,231.71,16.35,412.65,8.88,21.21
2025-05-13,1.11,21.97,256.86,16.36,420.68,9.01,21.45
2025-05-14,1.07,21.65,256.5,15.51,411.72,8.73,22.56
2025-05-15,1.06,21.84,249.76,15.68,399.91,8.71,21.38
2025-05-16,1.11,21.61,259.78,15.68,393.12,8.8,23.0
2025-05-19,1.12,22.05,265.12,16.18,413.0,8.91,21.84
2025-05-20,1.1,22.44,260.2,16.18,416.0,8.85,22.35
2025-05-21,1.1,23.5,265.13,16.7,413.6,9.2,23.98
2025-05-22,1.04,22.9,263.0,14.98,391.92,8.65,25.94
2025-05-23,1.07,23.28,269.02,15.26,380.83,8.87,23.41
2025-05-27,1.05,22.93,265.7,16.31,368.94,9.09,21.87
2025-05-28,0.9885,22.83,258.72,15.22,370.81,8.47,21.5
2025-05-29,0.92,22.24,246.87,14.4,369.0,8.04,22.8
2025-05-30,0.911,20.84,247.46,14.04,367.77,8.0,22.88
2025-06-02,0.915,21.16,248.39,14.46,379.39,8.55,22.0
2025-06-03,0.92,21.04,257.52,15.0,385.0,8.97,21.43
2025-06-04,0.9389,21.22,261.05,15.7,383.85,9.64,21.04
2025-06-05,0.8917,20.87,250.53,15.19,377.82,9.26,21.1
2025-06-06,0.9,21.59,255.66,16.21,380.0,10.22,20.45
2025-06-09,0.93,21.99,258.88,16.3,393.25,10.23,20.24
2025-06-10,0.9494,22.01,257.21,16.5,390.83,10.44,19.64
2025-06-11,0.8799,21.4,246.52,15.85,378.47,10.24,20.8
2025-06-12,0.85,21.02,237.45,15.33,375.5,9.95,22.32
2025-06-13,0.8465,21.35,247.77,15.3,388.01,9.87,21.84
2025-06-16,0.84,21.15,256.63,15.11,375.72,10.04,21.35
2025-06-17,0.8,20.82,254.0,14.49,371.8,9.58,22.575
2025-06-18,0.8076,21.22,303.58,14.78,373.0,10.09,21.4
2025-06-20,0.7575,20.25,302.08,13.95,362.33,9.25,22.04
2025-06-23,0.7891,21.04,314.39,14.49,373.76,9.41,20.0
2025-06-24,0.82,21.59,360.6,15.35,384.66,10.31,19.11
2025-06-25,0.79,21.44,354.53,14.81,386.53,9.89,19.01
2025-06-26,0.79,21.35,369.54,15.15,385.0,10.56,18.66
2025-06-27,0.76,21.54,359.23,15.21,389.82,10.77,18.55
2025-06-30,0.8209,20.51,339.98,15.37,395.47,11.15,18.95
2025-07-01,0.86,20.69,340.58,15.95,383.35,11.5,18.72
2025-07-02,1.01,21.07,350.35,17.58,400.99,12.21,18.09
2025-07-03,1.04,20.87,354.2,17.42,403.47,11.88,18.78
2025-07-07,1.06,20.95,362.75,17.11,399.6,11.78,18.21
2025-07-08,1.05,21.09,358.63,17.98,401.6,11.82,17.42
2025-07-09,1.04,21.39,372.41,18.48,412.37,12.16,17.02
2025-07-10,1.12,22.64,390.19,19.5,430.54,12.89,17.44
2025-07-11,1.09,23.4,392.5,19.8,447.0,12.75,17.29
2025-07-14,1.06,22.64,391.53,19.05,445.09,12.2,16.88
2025-07-15,1.04,22.86,392.8,19.52,448.23,12.47,17.16
2025-07-16,1.04,22.66,399.7,19.49,451.77,12.62,17.37
2025-07-17,1.09,22.84,419.82,20.25,452.65,13.5,17.05
2025-07-18,1.06,22.7,425.55,19.56,430.1,14.17,16.76
2025-07-21,1.24,22.93,419.1,19.17,428.87,14.28,16.71
2025-07-22,1.35,22.7,399.99,18.69,422.83,14.25,16.34
2025-07-23,1.27,22.82,404.25,17.58,414.49,14.36,15.55
2025-07-24,1.2,22.33,391.9,17.22,405.01,14.49,15.66
2025-07-25,1.26,22.78,394.62,17.64,417.0,14.55,14.93
2025-07-28,1.29,22.85,383.59,17.14,406.01,14.52,14.52
2025-07-29,1.24,22.56,382.95,17.43,396.92,13.84,15.17
2025-07-30,1.21,22.67,382.89,16.42,399.0,13.69,14.94
2025-07-31,1.21,20.94,335.14,15.56,389.8,12.0,16.56
2025-08-01,1.18,20.65,319.54,15.59,373.0,11.31,16.67
2025-08-04,1.22,20.69,307.11,15.9,383.89,11.38,15.54
